match_id,user_id,user_id_with
1,701459202,1249931243
2,701459202,2005518440
3,701459202,4025688945
4,701459202,4690605031
5,701459202,4908371100
6,701459202,7855514936
7,701459202,8022999071
8,701459202,8482451416
9,1040655001,3222294648
10,1040655001,9483857787
11,1041534172,3634124632
12,1041534172,6198694685
13,1041534172,7196908792
14,1041534172,7745756821
15,1078866663,2231211674
16,1078866663,2735442008
17,1078866663,4412545960
18,1078866663,5222043674
19,1078866663,5879367460
20,1078866663,5968697718
21,1078866663,5992328952
22,1078866663,6770194777
23,1149832519,2137739631
24,1149832519,2573666635
25,1149832519,3001805784
26,1149832519,3847711524
27,1149832519,4292333294
28,1149832519,4910783635
29,1149832519,5721010288
30,1149832519,7925135008
31,1149832519,8972885569
32,1149832519,9772664627
33,1149832519,9806478068
34,1211317996,3530403910
35,1211317996,6100407983
36,1211317996,7826465361
37,1211317996,8605042518
38,1211317996,8820499738
39,1249931243,1321984521
40,1249931243,3758551176
41,1249931243,4008220935
42,1249931243,4447761056
43,1249931243,6294571017
44,1249931243,7661274914
45,1249931243,8497548462
46,1249931243,9286540824
47,1321984521,1408068402
48,1321984521,2705841754
49,1321984521,3107108225
50,1321984521,3783327610
51,1321984521,3967123401
52,1321984521,4908371100
53,1321984521,5018726924
54,1321984521,5413382166
55,1321984521,6671210440
56,1321984521,8022999071
57,1321984521,8758143514
58,1337287435,1669961152
59,1337287435,2498690951
60,1337287435,3697935815
61,1337287435,4527120996
62,1337287435,5468973587
63,1337287435,6100407983
64,1337287435,6291767438
65,1337287435,7254923054
66,1337287435,7826465361
67,1337287435,7971971423
68,1337287435,8605042518
69,1337287435,8820499738
70,1337287435,9677005232
71,1346815748,5108077127
72,1346815748,6575514279
73,1346815748,7818575811
74,1346815748,8497548462
75,1346815748,8551579893
76,1346815748,8656039432
77,1346815748,9112240300
78,1390094899,2345319694
79,1390094899,2569386884
80,1390094899,2705841754
81,1390094899,3618141154
82,1390094899,3967123401
83,1390094899,6397162252
84,1390094899,6671210440
85,1390094899,8313998834
86,1390916723,1727334809
87,1390916723,3150581345
88,1390916723,4253781225
89,1390916723,5206102991
90,1390916723,5344040621
91,1390916723,6072640939
92,1390916723,6636378270
93,1390916723,8167153089
94,1390916723,9391243913
95,1390916723,9861534240
96,1408068402,1963259070
97,1408068402,3495485229
98,1408068402,3758551176
99,1408068402,4008220935
100,1408068402,4447761056
101,1408068402,6294571017
102,1408068402,7196908792
103,1408068402,8759460433
104,1408068402,9320562541
105,1433555260,3634124632
106,1433555260,3634580765
107,1433555260,7745756821
108,1433555260,7818575811
109,1433555260,8497548462
110,1445192119,2137739631
111,1445192119,3001805784
112,1445192119,3528453918
113,1445192119,3847711524
114,1445192119,4292333294
115,1445192119,6504753297
116,1445192119,6853322572
117,1445192119,7925135008
118,1445192119,7953459656
119,1445192119,8972885569
120,1445192119,9551062514
121,1445192119,9806478068
122,1617956083,3634124632
123,1617956083,4447761056
124,1617956083,6198694685
125,1617956083,7818575811
126,1617956083,8755254355
127,1617956083,9112240300
128,1617956083,9286540824
129,1669961152,1727334809
130,1669961152,1780127221
131,1669961152,1919076435
132,1669961152,2456461323
133,1669961152,4253781225
134,1669961152,5738787761
135,1669961152,5968697718
136,1669961152,6072640939
137,1669961152,6770194777
138,1669961152,6888329003
139,1669961152,8167153089
140,1669961152,9560890341
141,1694578849,3222294648
142,1694578849,3632091322
143,1694578849,4700272551
144,1694578849,5787127099
145,1694578849,7254923054
146,1694578849,9613349645
147,1719029308,4361997385
148,1719029308,4886494341
149,1719029308,5143094305
150,1719029308,6291767438
151,1719029308,6664020485
152,1719029308,9483857787
153,1719029308,9840422477
154,1727334809,3501205260
155,1727334809,3530403910
156,1727334809,6100407983
157,1727334809,8820499738
158,1727334809,9321617418
159,1747746445,1760606393
160,1747746445,4025688945
161,1747746445,5561061160
162,1747746445,7424682124
163,1747746445,7855514936
164,1747746445,8482451416
165,1760606393,2573666635
166,1760606393,3001805784
167,1760606393,3313502482
168,1760606393,3914667746
169,1760606393,4910783635
170,1760606393,5108077127
171,1760606393,6795259652
172,1760606393,7879808294
173,1760606393,7925135008
174,1760606393,7953459656
175,1760606393,9772664627
176,1760606393,9910335967
177,1780127221,2498690951
178,1780127221,3501205260
179,1780127221,3530403910
180,1780127221,4051492989
181,1780127221,6100407983
182,1780127221,7826465361
183,1780127221,7995028405
184,1919076435,3530403910
185,1919076435,4051492989
186,1919076435,4886494341
187,1919076435,6100407983
188,1919076435,7826465361
189,1919076435,7995028405
190,1963259070,2345319694
191,1963259070,2705841754
192,1963259070,3967123401
193,1963259070,4908371100
194,1963259070,5014671470
195,1963259070,6507362291
196,1963259070,6671210440
197,1963259070,7453356406
198,1963259070,8758143514
199,2000298491,2586764351
200,2000298491,3269826320
201,2000298491,3758551176
202,2000298491,5143094305
203,2000298491,5787127099
204,2000298491,6180718799
205,2000298491,9613349645
206,2000298491,9905060844
207,2005518440,2137739631
208,2005518440,2483418261
209,2005518440,3001805784
210,2005518440,3455368210
211,2005518440,4292333294
212,2005518440,5057255746
213,2005518440,5108077127
214,2005518440,5524889860
215,2005518440,5721010288
216,2005518440,7925135008
217,2005518440,8972885569
218,2005518440,9772664627
219,2005518440,9806478068
220,2005518440,9910335967
221,2058643444,3495485229
222,2058643444,3634124632
223,2058643444,3758551176
224,2058643444,5892416132
225,2058643444,6198694685
226,2058643444,7196908792
227,2058643444,7818575811
228,2058643444,8755254355
229,2058643444,8759460433
230,2058643444,9286540824
231,2099312817,2586764351
232,2099312817,3269826320
233,2099312817,3634580765
234,2099312817,5063366399
235,2099312817,8551579893
236,2099312817,8656039432
237,2099312817,9613349645
238,2137410657,3758551176
239,2137410657,4398528529
240,2137410657,5892416132
241,2137410657,6198694685
242,2137410657,7745756821
243,2137410657,8497548462
244,2137410657,9112240300
245,2137739631,4321091137
246,2137739631,4681769557
247,2137739631,5357292814
248,2137739631,6856263657
249,2137739631,7311208909
250,2137739631,7855514936
251,2137739631,8482451416
252,2231211674,3632091322
253,2231211674,4700272551
254,2231211674,5057255746
255,2231211674,5580242723
256,2231211674,5787127099
257,2231211674,6198694685
258,2231211674,6575514279
259,2231211674,7036133103
260,2231211674,7254923054
261,2231211674,7602706757
262,2231211674,7699641828
263,2231211674,8882938211
264,2345319694,2573666635
265,2345319694,3914667746
266,2345319694,4008220935
267,2345319694,4292333294
268,2345319694,5524889860
269,2345319694,5892416132
270,2345319694,6853322572
271,2345319694,7953459656
272,2345319694,9320562541
273,2406805573,4700272551
274,2406805573,5580242723
275,2406805573,5787127099
276,2406805573,6575514279
277,2406805573,6779594069
278,2406805573,7254923054
279,2406805573,7699641828
280,2406805573,8882938211
281,2406805573,9613349645
282,2406805573,9905060844
283,2456461323,2498690951
284,2456461323,3697935815
285,2456461323,4527120996
286,2456461323,6291767438
287,2456461323,8605042518
288,2456461323,9677005232
289,2483418261,2705841754
290,2483418261,4681769557
291,2483418261,4690605031
292,2483418261,7311208909
293,2483418261,7424682124
294,2483418261,7855514936
295,2498690951,3150581345
296,2498690951,5344040621
297,2498690951,6072640939
298,2498690951,6636378270
299,2498690951,8167153089
300,2498690951,9391243913
301,2498690951,9560890341
302,2569386884,3634124632
303,2569386884,3758551176
304,2569386884,4398528529
305,2569386884,7196908792
306,2569386884,7745756821
307,2569386884,8497548462
308,2573666635,3107108225
309,2573666635,3783327610
310,2573666635,4321091137
311,2573666635,4681769557
312,2573666635,4798953869
313,2573666635,5246789898
314,2573666635,6856263657
315,2573666635,9252234072
316,2586764351,4652266479
317,2586764351,4772548869
318,2586764351,5222043674
319,2586764351,5968697718
320,2586764351,8518020977
321,2586764351,9977096656
322,2705841754,3634580765
323,2705841754,4008220935
324,2705841754,4447761056
325,2705841754,5524889860
326,2705841754,8755254355
327,2705841754,9551062514
328,2735442008,3222294648
329,2735442008,3571910583
330,2735442008,5143094305
331,2735442008,7826465361
332,3001805784,3580971737
333,3001805784,4681769557
334,3001805784,4798953869
335,3001805784,5304257169
336,3001805784,6856263657
337,3001805784,7311208909
338,3001805784,7855514936
339,3037422570,3269826320
340,3037422570,5063366399
341,3037422570,5143094305
342,3037422570,6180718799
343,3037422570,6575514279
344,3037422570,7036133103
345,3037422570,7925135008
346,3037422570,8551579893
347,3037422570,8656039432
348,3037422570,8882938211
349,3037422570,9613349645
350,3037422570,9905060844
351,3107108225,3914667746
352,3107108225,4008220935
353,3107108225,5524889860
354,3107108225,6294571017
355,3107108225,6853322572
356,3107108225,8759460433
357,3107108225,9320562541
358,3150581345,3697935815
359,3150581345,4361997385
360,3150581345,4527120996
361,3150581345,5580242723
362,3150581345,6664020485
363,3150581345,8605042518
364,3150581345,9321617418
365,3150581345,9840422477
366,3222294648,5992328952
367,3222294648,6868750846
368,3222294648,6888329003
369,3222294648,7720927932
370,3222294648,8996142866
371,3269826320,3967123401
372,3269826320,5222043674
373,3269826320,5879367460
374,3269826320,7154869206
375,3269826320,8366915835
376,3269826320,9461782214
377,3269826320,9529568076
378,3269826320,9949086130
379,3313502482,4908371100
380,3313502482,5014671470
381,3313502482,5246789898
382,3313502482,5304257169
383,3313502482,5357292814
384,3313502482,7311208909
385,3313502482,7453356406
386,3313502482,8313998834
387,3313502482,9252234072
388,3425349534,3634124632
389,3425349534,3634580765
390,3425349534,4398528529
391,3425349534,7196908792
392,3425349534,7661274914
393,3425349534,8497548462
394,3425349534,9112240300
395,3455368210,3618141154
396,3455368210,3938943565
397,3455368210,4798953869
398,3455368210,8482451416
399,3455368210,8758143514
400,3495485229,3967123401
401,3495485229,4241617225
402,3495485229,4520655952
403,3495485229,5018726924
404,3495485229,7326316514
405,3495485229,8366915835
406,3495485229,8758143514
407,3501205260,5344040621
408,3501205260,5752244730
409,3501205260,5824901229
410,3501205260,9228894591
411,3501205260,9861534240
412,3528453918,3783327610
413,3528453918,3967123401
414,3528453918,4681769557
415,3528453918,4798953869
416,3528453918,5246789898
417,3528453918,5357292814
418,3528453918,7311208909
419,3530403910,5206102991
420,3530403910,5344040621
421,3530403910,5738787761
422,3530403910,5752244730
423,3530403910,6072640939
424,3530403910,8386416265
425,3530403910,9228894591
426,3530403910,9391243913
427,3530403910,9861534240
428,3571910583,5003652426
429,3571910583,6770194777
430,3571910583,6868750846
431,3571910583,6888329003
432,3571910583,9745547309
433,3580971737,3634124632
434,3580971737,3634580765
435,3580971737,3758551176
436,3580971737,4398528529
437,3580971737,6198694685
438,3580971737,7745756821
439,3580971737,8497548462
440,3580971737,8755254355
441,3580971737,9112240300
442,3618141154,3914667746
443,3618141154,4586825341
444,3618141154,4910783635
445,3618141154,5108077127
446,3618141154,5524889860
447,3618141154,6504753297
448,3618141154,6853322572
449,3618141154,7658398632
450,3618141154,7953459656
451,3618141154,8842257403
452,3618141154,9551062514
453,3618141154,9772664627
454,3632091322,4086792615
455,3632091322,4241617225
456,3632091322,5992328952
457,3632091322,6868750846
458,3632091322,6888329003
459,3632091322,7720927932
460,3632091322,8996142866
461,3632091322,9745547309
462,3634124632,4520655952
463,3634124632,6671210440
464,3634124632,7326316514
465,3634124632,8904974567
466,3634124632,9693281616
467,3634580765,3685127629
468,3634580765,5968697718
469,3634580765,6671210440
470,3634580765,7154869206
471,3634580765,7326316514
472,3634580765,8904974567
473,3634580765,9461782214
474,3634580765,9529568076
475,3634580765,9949086130
476,3685127629,7196908792
477,3685127629,7745756821
478,3685127629,8656039432
479,3697935815,4253781225
480,3697935815,5344040621
481,3697935815,6072640939
482,3697935815,6636378270
483,3697935815,9560890341
484,3758551176,4241617225
485,3758551176,4354640094
486,3758551176,4520655952
487,3758551176,5018726924
488,3758551176,8366915835
489,3783327610,3914667746
490,3783327610,4292333294
491,3783327610,4586825341
492,3783327610,4910783635
493,3783327610,5825980980
494,3783327610,5892416132
495,3783327610,6853322572
496,3783327610,7658398632
497,3783327610,9551062514
498,3847711524,3938943565
499,3847711524,4025688945
500,3847711524,4690605031
501,3847711524,5561061160
502,3847711524,6856263657
503,3847711524,7424682124
504,3847711524,7855514936
505,3914667746,4908371100
506,3914667746,5014671470
507,3914667746,5018726924
508,3914667746,5357292814
509,3914667746,6671210440
510,3914667746,7311208909
511,3914667746,7453356406
512,3914667746,9252234072
513,3938943565,4292333294
514,3938943565,4910783635
515,3938943565,5721010288
516,3938943565,6504753297
517,3938943565,7953459656
518,3938943565,8972885569
519,3938943565,9806478068
520,3938943565,9910335967
521,3967123401,5524889860
522,3967123401,7661274914
523,3967123401,9320562541
524,4008220935,4908371100
525,4008220935,6397162252
526,4008220935,6507362291
527,4008220935,6671210440
528,4025688945,5206622041
529,4025688945,7267634776
530,4025688945,8972885569
531,4051492989,5344040621
532,4051492989,5738787761
533,4051492989,5752244730
534,4051492989,8386416265
535,4086792615,4700272551
536,4086792615,4886494341
537,4086792615,5143094305
538,4086792615,5580242723
539,4086792615,5787127099
540,4086792615,6575514279
541,4086792615,7049908306
542,4086792615,7254923054
543,4086792615,7602706757
544,4086792615,9483857787
545,4241617225,5721010288
546,4241617225,6198694685
547,4241617225,6294571017
548,4241617225,6853322572
549,4241617225,8759460433
550,4241617225,8972885569
551,4241617225,9286540824
552,4253781225,9321617418
553,4253781225,9677005232
554,4292333294,4321091137
555,4292333294,5561061160
556,4292333294,7855514936
557,4321091137,4910783635
558,4321091137,5721010288
559,4321091137,6504753297
560,4321091137,7925135008
561,4321091137,7953459656
562,4321091137,8842257403
563,4321091137,8972885569
564,4321091137,9910335967
565,4354640094,6198694685
566,4354640094,6294571017
567,4354640094,6504753297
568,4354640094,6795259652
569,4354640094,7818575811
570,4354640094,8755254355
571,4354640094,9286540824
572,4361997385,5003652426
573,4361997385,6770194777
574,4361997385,6888329003
575,4361997385,8884127740
576,4361997385,9391243913
577,4361997385,9745547309
578,4398528529,5968697718
579,4398528529,6653016792
580,4398528529,7326316514
581,4398528529,8022999071
582,4398528529,8366915835
583,4398528529,8518020977
584,4398528529,8904974567
585,4398528529,9693281616
586,4398528529,9977096656
587,4412545960,6575514279
588,4412545960,7036133103
589,4412545960,7602706757
590,4412545960,9613349645
591,4447761056,4520655952
592,4447761056,5018726924
593,4447761056,5879367460
594,4447761056,8366915835
595,4520655952,5524889860
596,4520655952,6198694685
597,4520655952,6294571017
598,4520655952,7196908792
599,4520655952,7818575811
600,4520655952,8755254355
601,4520655952,8759460433
602,4520655952,9112240300
603,4520655952,9286540824
604,4527120996,5738787761
605,4527120996,5992328952
606,4527120996,6072640939
607,4527120996,6636378270
608,4527120996,6770194777
609,4527120996,9560890341
610,4586825341,4908371100
611,4586825341,5246789898
612,4586825341,5304257169
613,4586825341,5357292814
614,4586825341,6507362291
615,4586825341,7311208909
616,4586825341,7453356406
617,4586825341,8313998834
618,4586825341,8762079184
619,4586825341,9252234072
620,4652266479,5063366399
621,4652266479,5787127099
622,4652266479,6180718799
623,4652266479,6575514279
624,4652266479,7036133103
625,4652266479,8497548462
626,4652266479,8656039432
627,4652266479,9613349645
628,4652266479,9905060844
629,4681769557,4910783635
630,4681769557,6504753297
631,4681769557,7925135008
632,4681769557,8972885569
633,4681769557,9772664627
634,4681769557,9910335967
635,4690605031,5057255746
636,4690605031,5206622041
637,4690605031,5580242723
638,4690605031,7267634776
639,4700272551,5003652426
640,4700272551,5992328952
641,4700272551,7720927932
642,4700272551,8884127740
643,4700272551,8996142866
644,4772548869,5580242723
645,4772548869,6180718799
646,4772548869,7036133103
647,4772548869,7254923054
648,4772548869,8656039432
649,4772548869,8882938211
650,4772548869,9613349645
651,4772548869,9905060844
652,4798953869,4910783635
653,4798953869,5825980980
654,4798953869,6795259652
655,4798953869,7925135008
656,4798953869,7953459656
657,4798953869,8972885569
658,4798953869,9551062514
659,4798953869,9772664627
660,4886494341,5344040621
661,4886494341,6770194777
662,4886494341,6888329003
663,4886494341,8996142866
664,4886494341,9745547309
665,4908371100,5524889860
666,4908371100,5892416132
667,4908371100,6795259652
668,4908371100,6853322572
669,4908371100,8842257403
670,4908371100,9320562541
671,4910783635,5413382166
672,4910783635,6856263657
673,4910783635,7311208909
674,4910783635,7855514936
675,5003652426,5787127099
676,5003652426,7049908306
677,5003652426,7254923054
678,5003652426,7818575811
679,5014671470,5825980980
680,5014671470,5892416132
681,5014671470,6795259652
682,5014671470,6853322572
683,5018726924,6198694685
684,5018726924,6294571017
685,5018726924,7818575811
686,5018726924,8755254355
687,5018726924,8759460433
688,5018726924,9112240300
689,5018726924,9286540824
690,5057255746,5561061160
691,5057255746,7424682124
692,5057255746,7855514936
693,5057255746,8482451416
694,5063366399,5879367460
695,5063366399,7154869206
696,5063366399,9461782214
697,5063366399,9529568076
698,5063366399,9949086130
699,5063366399,9977096656
700,5108077127,5246789898
701,5108077127,5304257169
702,5108077127,5357292814
703,5108077127,6397162252
704,5108077127,7311208909
705,5108077127,8482451416
706,5108077127,9252234072
707,5143094305,5879367460
708,5143094305,8996142866
709,5206102991,7826465361
710,5206102991,7995028405
711,5206102991,8605042518
712,5206102991,8820499738
713,5206622041,5561061160
714,5206622041,8482451416
715,5222043674,5580242723
716,5222043674,5787127099
717,5222043674,6575514279
718,5222043674,7254923054
719,5222043674,7602706757
720,5222043674,8882938211
721,5222043674,9613349645
722,5246789898,6853322572
723,5246789898,7953459656
724,5246789898,8842257403
725,5246789898,8972885569
726,5246789898,9551062514
727,5304257169,6795259652
728,5304257169,7658398632
729,5304257169,9551062514
730,5344040621,7826465361
731,5344040621,8820499738
732,5344040621,9677005232
733,5357292814,5825980980
734,5357292814,6795259652
735,5357292814,8842257403
736,5357292814,9551062514
737,5413382166,6294571017
738,5413382166,7661274914
739,5468973587,6072640939
740,5468973587,6770194777
741,5468973587,6888329003
742,5468973587,8884127740
743,5524889860,6397162252
744,5524889860,6507362291
745,5524889860,6671210440
746,5524889860,8762079184
747,5524889860,9252234072
748,5561061160,5721010288
749,5561061160,6504753297
750,5561061160,7267634776
751,5580242723,5992328952
752,5580242723,8884127740
753,5721010288,6397162252
754,5721010288,7424682124
755,5721010288,7855514936
756,5752244730,6100407983
757,5752244730,7971971423
758,5752244730,7995028405
759,5787127099,5992328952
760,5787127099,6868750846
761,5787127099,7720927932
762,5787127099,8518020977
763,5787127099,8996142866
764,5787127099,9461782214
765,5824901229,6100407983
766,5824901229,7995028405
767,5825980980,6856263657
768,5825980980,9252234072
769,5879367460,7036133103
770,5879367460,7745756821
771,5879367460,8497548462
772,5879367460,8551579893
773,5879367460,8755254355
774,5879367460,9286540824
775,5892416132,6397162252
776,5892416132,6507362291
777,5892416132,8022999071
778,5892416132,8758143514
779,5892416132,8762079184
780,5968697718,6180718799
781,5968697718,7036133103
782,5968697718,7602706757
783,5968697718,9613349645
784,5968697718,9905060844
785,5992328952,6779594069
786,5992328952,7036133103
787,5992328952,7049908306
788,5992328952,7699641828
789,5992328952,9483857787
790,6072640939,6100407983
791,6072640939,8820499738
792,6072640939,9677005232
793,6100407983,6636378270
794,6100407983,8167153089
795,6100407983,9391243913
796,6100407983,9560890341
797,6198694685,7326316514
798,6198694685,8366915835
799,6291767438,6770194777
800,6291767438,6888329003
801,6291767438,9745547309
802,6294571017,6397162252
803,6294571017,8758143514
804,6397162252,6853322572
805,6397162252,7661274914
806,6397162252,8842257403
807,6397162252,9320562541
808,6504753297,6856263657
809,6504753297,7855514936
810,6504753297,8482451416
811,6507362291,9320562541
812,6507362291,9772664627
813,6575514279,6868750846
814,6575514279,8518020977
815,6636378270,6664020485
816,6636378270,7826465361
817,6636378270,8605042518
818,6636378270,9677005232
819,6653016792,7196908792
820,6653016792,7745756821
821,6653016792,7818575811
822,6653016792,9112240300
823,6664020485,6770194777
824,6664020485,6888329003
825,6671210440,7658398632
826,6671210440,7661274914
827,6671210440,7818575811
828,6671210440,8759460433
829,6770194777,9840422477
830,6779594069,8780072262
831,6779594069,8996142866
832,6795259652,6856263657
833,6795259652,7453356406
834,6795259652,8313998834
835,6853322572,7311208909
836,6853322572,7453356406
837,6853322572,8762079184
838,6856263657,7925135008
839,6856263657,7953459656
840,6856263657,9551062514
841,6868750846,7254923054
842,6888329003,7254923054
843,6888329003,9483857787
844,6888329003,9840422477
845,7036133103,8518020977
846,7036133103,8780072262
847,7049908306,8780072262
848,7049908306,8996142866
849,7154869206,7602706757
850,7154869206,8551579893
851,7154869206,8656039432
852,7154869206,9905060844
853,7196908792,7326316514
854,7196908792,7453356406
855,7196908792,8022999071
856,7196908792,8366915835
857,7196908792,9529568076
858,7196908792,9693281616
859,7196908792,9949086130
860,7196908792,9977096656
861,7254923054,7720927932
862,7254923054,8758143514
863,7254923054,8780072262
864,7254923054,8884127740
865,7254923054,8996142866
866,7254923054,9745547309
867,7267634776,7855514936
868,7267634776,8482451416
869,7311208909,7953459656
870,7311208909,8972885569
871,7311208909,9551062514
872,7311208909,9772664627
873,7326316514,7699641828
874,7326316514,8497548462
875,7326316514,8656039432
876,7326316514,9112240300
877,7326316514,9286540824
878,7453356406,8842257403
879,7453356406,9772664627
880,7658398632,8022999071
881,7661274914,8022999071
882,7661274914,8758143514
883,7720927932,7826465361
884,7720927932,9613349645
885,7745756821,9693281616
886,7745756821,9949086130
887,7818575811,8366915835
888,7818575811,9693281616
889,7826465361,8167153089
890,7826465361,9391243913
891,7826465361,9560890341
892,7855514936,7879808294
893,7855514936,7925135008
894,7855514936,9806478068
895,7879808294,8313998834
896,7971971423,8386416265
897,7971971423,9228894591
898,7971971423,9861534240
899,7995028405,8167153089
900,7995028405,9228894591
901,7995028405,9861534240
902,8022999071,8497548462
903,8022999071,8759460433
904,8022999071,8842257403
905,8022999071,9286540824
906,8167153089,8605042518
907,8313998834,9112240300
908,8313998834,9551062514
909,8366915835,8755254355
910,8366915835,9286540824
911,8366915835,9772664627
912,8482451416,9910335967
913,8497548462,9461782214
914,8497548462,9560890341
915,8497548462,9693281616
916,8497548462,9977096656
917,8518020977,8551579893
918,8518020977,9613349645
919,8518020977,9905060844
920,8656039432,8904974567
921,8656039432,9461782214
922,8656039432,9529568076
923,8755254355,9693281616
924,8755254355,9977096656
925,8758143514,8759460433
926,8758143514,9286540824
927,8758143514,9320562541
928,8758143514,9905060844
929,8762079184,9772664627
930,8780072262,9483857787
931,8996142866,9905060844
932,9112240300,9529568076
933,9112240300,9693281616
934,9112240300,9949086130
935,9112240300,9977096656
936,9321617418,9560890341
937,9391243913,9677005232
938,9461782214,9905060844
939,9483857787,9745547309
940,9560890341,9677005232
941,9905060844,9949086130
942,1249931243,701459202
943,2005518440,701459202
944,4025688945,701459202
945,4690605031,701459202
946,4908371100,701459202
947,7855514936,701459202
948,8022999071,701459202
949,8482451416,701459202
950,3222294648,1040655001
951,9483857787,1040655001
952,3634124632,1041534172
953,6198694685,1041534172
954,7196908792,1041534172
955,7745756821,1041534172
956,2231211674,1078866663
957,2735442008,1078866663
958,4412545960,1078866663
959,5222043674,1078866663
960,5879367460,1078866663
961,5968697718,1078866663
962,5992328952,1078866663
963,6770194777,1078866663
964,2137739631,1149832519
965,2573666635,1149832519
966,3001805784,1149832519
967,3847711524,1149832519
968,4292333294,1149832519
969,4910783635,1149832519
970,5721010288,1149832519
971,7925135008,1149832519
972,8972885569,1149832519
973,9772664627,1149832519
974,9806478068,1149832519
975,3530403910,1211317996
976,6100407983,1211317996
977,7826465361,1211317996
978,8605042518,1211317996
979,8820499738,1211317996
980,1321984521,1249931243
981,3758551176,1249931243
982,4008220935,1249931243
983,4447761056,1249931243
984,6294571017,1249931243
985,7661274914,1249931243
986,8497548462,1249931243
987,9286540824,1249931243
988,1408068402,1321984521
989,2705841754,1321984521
990,3107108225,1321984521
991,3783327610,1321984521
992,3967123401,1321984521
993,4908371100,1321984521
994,5018726924,1321984521
995,5413382166,1321984521
996,6671210440,1321984521
997,8022999071,1321984521
998,8758143514,1321984521
999,1669961152,1337287435
1000,2498690951,1337287435
1001,3697935815,1337287435
1002,4527120996,1337287435
1003,5468973587,1337287435
1004,6100407983,1337287435
1005,6291767438,1337287435
1006,7254923054,1337287435
1007,7826465361,1337287435
1008,7971971423,1337287435
1009,8605042518,1337287435
1010,8820499738,1337287435
1011,9677005232,1337287435
1012,5108077127,1346815748
1013,6575514279,1346815748
1014,7818575811,1346815748
1015,8497548462,1346815748
1016,8551579893,1346815748
1017,8656039432,1346815748
1018,9112240300,1346815748
1019,2345319694,1390094899
1020,2569386884,1390094899
1021,2705841754,1390094899
1022,3618141154,1390094899
1023,3967123401,1390094899
1024,6397162252,1390094899
1025,6671210440,1390094899
1026,8313998834,1390094899
1027,1727334809,1390916723
1028,3150581345,1390916723
1029,4253781225,1390916723
1030,5206102991,1390916723
1031,5344040621,1390916723
1032,6072640939,1390916723
1033,6636378270,1390916723
1034,8167153089,1390916723
1035,9391243913,1390916723
1036,9861534240,1390916723
1037,1963259070,1408068402
1038,3495485229,1408068402
1039,3758551176,1408068402
1040,4008220935,1408068402
1041,4447761056,1408068402
1042,6294571017,1408068402
1043,7196908792,1408068402
1044,8759460433,1408068402
1045,9320562541,1408068402
1046,3634124632,1433555260
1047,3634580765,1433555260
1048,7745756821,1433555260
1049,7818575811,1433555260
1050,8497548462,1433555260
1051,2137739631,1445192119
1052,3001805784,1445192119
1053,3528453918,1445192119
1054,3847711524,1445192119
1055,4292333294,1445192119
1056,6504753297,1445192119
1057,6853322572,1445192119
1058,7925135008,1445192119
1059,7953459656,1445192119
1060,8972885569,1445192119
1061,9551062514,1445192119
1062,9806478068,1445192119
1063,3634124632,1617956083
1064,4447761056,1617956083
1065,6198694685,1617956083
1066,7818575811,1617956083
1067,8755254355,1617956083
1068,9112240300,1617956083
1069,9286540824,1617956083
1070,1727334809,1669961152
1071,1780127221,1669961152
1072,1919076435,1669961152
1073,2456461323,1669961152
1074,4253781225,1669961152
1075,5738787761,1669961152
1076,5968697718,1669961152
1077,6072640939,1669961152
1078,6770194777,1669961152
1079,6888329003,1669961152
1080,8167153089,1669961152
1081,9560890341,1669961152
1082,3222294648,1694578849
1083,3632091322,1694578849
1084,4700272551,1694578849
1085,5787127099,1694578849
1086,7254923054,1694578849
1087,9613349645,1694578849
1088,4361997385,1719029308
1089,4886494341,1719029308
1090,5143094305,1719029308
1091,6291767438,1719029308
1092,6664020485,1719029308
1093,9483857787,1719029308
1094,9840422477,1719029308
1095,3501205260,1727334809
1096,3530403910,1727334809
1097,6100407983,1727334809
1098,8820499738,1727334809
1099,9321617418,1727334809
1100,1760606393,1747746445
1101,4025688945,1747746445
1102,5561061160,1747746445
1103,7424682124,1747746445
1104,7855514936,1747746445
1105,8482451416,1747746445
1106,2573666635,1760606393
1107,3001805784,1760606393
1108,3313502482,1760606393
1109,3914667746,1760606393
1110,4910783635,1760606393
1111,5108077127,1760606393
1112,6795259652,1760606393
1113,7879808294,1760606393
1114,7925135008,1760606393
1115,7953459656,1760606393
1116,9772664627,1760606393
1117,9910335967,1760606393
1118,2498690951,1780127221
1119,3501205260,1780127221
1120,3530403910,1780127221
1121,4051492989,1780127221
1122,6100407983,1780127221
1123,7826465361,1780127221
1124,7995028405,1780127221
1125,3530403910,1919076435
1126,4051492989,1919076435
1127,4886494341,1919076435
1128,6100407983,1919076435
1129,7826465361,1919076435
1130,7995028405,1919076435
1131,2345319694,1963259070
1132,2705841754,1963259070
1133,3967123401,1963259070
1134,4908371100,1963259070
1135,5014671470,1963259070
1136,6507362291,1963259070
1137,6671210440,1963259070
1138,7453356406,1963259070
1139,8758143514,1963259070
1140,2586764351,2000298491
1141,3269826320,2000298491
1142,3758551176,2000298491
1143,5143094305,2000298491
1144,5787127099,2000298491
1145,6180718799,2000298491
1146,9613349645,2000298491
1147,9905060844,2000298491
1148,2137739631,2005518440
1149,2483418261,2005518440
1150,3001805784,2005518440
1151,3455368210,2005518440
1152,4292333294,2005518440
1153,5057255746,2005518440
1154,5108077127,2005518440
1155,5524889860,2005518440
1156,5721010288,2005518440
1157,7925135008,2005518440
1158,8972885569,2005518440
1159,9772664627,2005518440
1160,9806478068,2005518440
1161,9910335967,2005518440
1162,3495485229,2058643444
1163,3634124632,2058643444
1164,3758551176,2058643444
1165,5892416132,2058643444
1166,6198694685,2058643444
1167,7196908792,2058643444
1168,7818575811,2058643444
1169,8755254355,2058643444
1170,8759460433,2058643444
1171,9286540824,2058643444
1172,2586764351,2099312817
1173,3269826320,2099312817
1174,3634580765,2099312817
1175,5063366399,2099312817
1176,8551579893,2099312817
1177,8656039432,2099312817
1178,9613349645,2099312817
1179,3758551176,2137410657
1180,4398528529,2137410657
1181,5892416132,2137410657
1182,6198694685,2137410657
1183,7745756821,2137410657
1184,8497548462,2137410657
1185,9112240300,2137410657
1186,4321091137,2137739631
1187,4681769557,2137739631
1188,5357292814,2137739631
1189,6856263657,2137739631
1190,7311208909,2137739631
1191,7855514936,2137739631
1192,8482451416,2137739631
1193,3632091322,2231211674
1194,4700272551,2231211674
1195,5057255746,2231211674
1196,5580242723,2231211674
1197,5787127099,2231211674
1198,6198694685,2231211674
1199,6575514279,2231211674
1200,7036133103,2231211674
1201,7254923054,2231211674
1202,7602706757,2231211674
1203,7699641828,2231211674
1204,8882938211,2231211674
1205,2573666635,2345319694
1206,3914667746,2345319694
1207,4008220935,2345319694
1208,4292333294,2345319694
1209,5524889860,2345319694
1210,5892416132,2345319694
1211,6853322572,2345319694
1212,7953459656,2345319694
1213,9320562541,2345319694
1214,4700272551,2406805573
1215,5580242723,2406805573
1216,5787127099,2406805573
1217,6575514279,2406805573
1218,6779594069,2406805573
1219,7254923054,2406805573
1220,7699641828,2406805573
1221,8882938211,2406805573
1222,9613349645,2406805573
1223,9905060844,2406805573
1224,2498690951,2456461323
1225,3697935815,2456461323
1226,4527120996,2456461323
1227,6291767438,2456461323
1228,8605042518,2456461323
1229,9677005232,2456461323
1230,2705841754,2483418261
1231,4681769557,2483418261
1232,4690605031,2483418261
1233,7311208909,2483418261
1234,7424682124,2483418261
1235,7855514936,2483418261
1236,3150581345,2498690951
1237,5344040621,2498690951
1238,6072640939,2498690951
1239,6636378270,2498690951
1240,8167153089,2498690951
1241,9391243913,2498690951
1242,9560890341,2498690951
1243,3634124632,2569386884
1244,3758551176,2569386884
1245,4398528529,2569386884
1246,7196908792,2569386884
1247,7745756821,2569386884
1248,8497548462,2569386884
1249,3107108225,2573666635
1250,3783327610,2573666635
1251,4321091137,2573666635
1252,4681769557,2573666635
1253,4798953869,2573666635
1254,5246789898,2573666635
1255,6856263657,2573666635
1256,9252234072,2573666635
1257,4652266479,2586764351
1258,4772548869,2586764351
1259,5222043674,2586764351
1260,5968697718,2586764351
1261,8518020977,2586764351
1262,9977096656,2586764351
1263,3634580765,2705841754
1264,4008220935,2705841754
1265,4447761056,2705841754
1266,5524889860,2705841754
1267,8755254355,2705841754
1268,9551062514,2705841754
1269,3222294648,2735442008
1270,3571910583,2735442008
1271,5143094305,2735442008
1272,7826465361,2735442008
1273,3580971737,3001805784
1274,4681769557,3001805784
1275,4798953869,3001805784
1276,5304257169,3001805784
1277,6856263657,3001805784
1278,7311208909,3001805784
1279,7855514936,3001805784
1280,3269826320,3037422570
1281,5063366399,3037422570
1282,5143094305,3037422570
1283,6180718799,3037422570
1284,6575514279,3037422570
1285,7036133103,3037422570
1286,7925135008,3037422570
1287,8551579893,3037422570
1288,8656039432,3037422570
1289,8882938211,3037422570
1290,9613349645,3037422570
1291,9905060844,3037422570
1292,3914667746,3107108225
1293,4008220935,3107108225
1294,5524889860,3107108225
1295,6294571017,3107108225
1296,6853322572,3107108225
1297,8759460433,3107108225
1298,9320562541,3107108225
1299,3697935815,3150581345
1300,4361997385,3150581345
1301,4527120996,3150581345
1302,5580242723,3150581345
1303,6664020485,3150581345
1304,8605042518,3150581345
1305,9321617418,3150581345
1306,9840422477,3150581345
1307,5992328952,3222294648
1308,6868750846,3222294648
1309,6888329003,3222294648
1310,7720927932,3222294648
1311,8996142866,3222294648
1312,3967123401,3269826320
1313,5222043674,3269826320
1314,5879367460,3269826320
1315,7154869206,3269826320
1316,8366915835,3269826320
1317,9461782214,3269826320
1318,9529568076,3269826320
1319,9949086130,3269826320
1320,4908371100,3313502482
1321,5014671470,3313502482
1322,5246789898,3313502482
1323,5304257169,3313502482
1324,5357292814,3313502482
1325,7311208909,3313502482
1326,7453356406,3313502482
1327,8313998834,3313502482
1328,9252234072,3313502482
1329,3634124632,3425349534
1330,3634580765,3425349534
1331,4398528529,3425349534
1332,7196908792,3425349534
1333,7661274914,3425349534
1334,8497548462,3425349534
1335,9112240300,3425349534
1336,3618141154,3455368210
1337,3938943565,3455368210
1338,4798953869,3455368210
1339,8482451416,3455368210
1340,8758143514,3455368210
1341,3967123401,3495485229
1342,4241617225,3495485229
1343,4520655952,3495485229
1344,5018726924,3495485229
1345,7326316514,3495485229
1346,8366915835,3495485229
1347,8758143514,3495485229
1348,5344040621,3501205260
1349,5752244730,3501205260
1350,5824901229,3501205260
1351,9228894591,3501205260
1352,9861534240,3501205260
1353,3783327610,3528453918
1354,3967123401,3528453918
1355,4681769557,3528453918
1356,4798953869,3528453918
1357,5246789898,3528453918
1358,5357292814,3528453918
1359,7311208909,3528453918
1360,5206102991,3530403910
1361,5344040621,3530403910
1362,5738787761,3530403910
1363,5752244730,3530403910
1364,6072640939,3530403910
1365,8386416265,3530403910
1366,9228894591,3530403910
1367,9391243913,3530403910
1368,9861534240,3530403910
1369,5003652426,3571910583
1370,6770194777,3571910583
1371,6868750846,3571910583
1372,6888329003,3571910583
1373,9745547309,3571910583
1374,3634124632,3580971737
1375,3634580765,3580971737
1376,3758551176,3580971737
1377,4398528529,3580971737
1378,6198694685,3580971737
1379,7745756821,3580971737
1380,8497548462,3580971737
1381,8755254355,3580971737
1382,9112240300,3580971737
1383,3914667746,3618141154
1384,4586825341,3618141154
1385,4910783635,3618141154
1386,5108077127,3618141154
1387,5524889860,3618141154
1388,6504753297,3618141154
1389,6853322572,3618141154
1390,7658398632,3618141154
1391,7953459656,3618141154
1392,8842257403,3618141154
1393,9551062514,3618141154
1394,9772664627,3618141154
1395,4086792615,3632091322
1396,4241617225,3632091322
1397,5992328952,3632091322
1398,6868750846,3632091322
1399,6888329003,3632091322
1400,7720927932,3632091322
1401,8996142866,3632091322
1402,9745547309,3632091322
1403,4520655952,3634124632
1404,6671210440,3634124632
1405,7326316514,3634124632
1406,8904974567,3634124632
1407,9693281616,3634124632
1408,3685127629,3634580765
1409,5968697718,3634580765
1410,6671210440,3634580765
1411,7154869206,3634580765
1412,7326316514,3634580765
1413,8904974567,3634580765
1414,9461782214,3634580765
1415,9529568076,3634580765
1416,9949086130,3634580765
1417,7196908792,3685127629
1418,7745756821,3685127629
1419,8656039432,3685127629
1420,4253781225,3697935815
1421,5344040621,3697935815
1422,6072640939,3697935815
1423,6636378270,3697935815
1424,9560890341,3697935815
1425,4241617225,3758551176
1426,4354640094,3758551176
1427,4520655952,3758551176
1428,5018726924,3758551176
1429,8366915835,3758551176
1430,3914667746,3783327610
1431,4292333294,3783327610
1432,4586825341,3783327610
1433,4910783635,3783327610
1434,5825980980,3783327610
1435,5892416132,3783327610
1436,6853322572,3783327610
1437,7658398632,3783327610
1438,9551062514,3783327610
1439,3938943565,3847711524
1440,4025688945,3847711524
1441,4690605031,3847711524
1442,5561061160,3847711524
1443,6856263657,3847711524
1444,7424682124,3847711524
1445,7855514936,3847711524
1446,4908371100,3914667746
1447,5014671470,3914667746
1448,5018726924,3914667746
1449,5357292814,3914667746
1450,6671210440,3914667746
1451,7311208909,3914667746
1452,7453356406,3914667746
1453,9252234072,3914667746
1454,4292333294,3938943565
1455,4910783635,3938943565
1456,5721010288,3938943565
1457,6504753297,3938943565
1458,7953459656,3938943565
1459,8972885569,3938943565
1460,9806478068,3938943565
1461,9910335967,3938943565
1462,5524889860,3967123401
1463,7661274914,3967123401
1464,9320562541,3967123401
1465,4908371100,4008220935
1466,6397162252,4008220935
1467,6507362291,4008220935
1468,6671210440,4008220935
1469,5206622041,4025688945
1470,7267634776,4025688945
1471,8972885569,4025688945
1472,5344040621,4051492989
1473,5738787761,4051492989
1474,5752244730,4051492989
1475,8386416265,4051492989
1476,4700272551,4086792615
1477,4886494341,4086792615
1478,5143094305,4086792615
1479,5580242723,4086792615
1480,5787127099,4086792615
1481,6575514279,4086792615
1482,7049908306,4086792615
1483,7254923054,4086792615
1484,7602706757,4086792615
1485,9483857787,4086792615
1486,5721010288,4241617225
1487,6198694685,4241617225
1488,6294571017,4241617225
1489,6853322572,4241617225
1490,8759460433,4241617225
1491,8972885569,4241617225
1492,9286540824,4241617225
1493,9321617418,4253781225
1494,9677005232,4253781225
1495,4321091137,4292333294
1496,5561061160,4292333294
1497,7855514936,4292333294
1498,4910783635,4321091137
1499,5721010288,4321091137
1500,6504753297,4321091137
1501,7925135008,4321091137
1502,7953459656,4321091137
1503,8842257403,4321091137
1504,8972885569,4321091137
1505,9910335967,4321091137
1506,6198694685,4354640094
1507,6294571017,4354640094
1508,6504753297,4354640094
1509,6795259652,4354640094
1510,7818575811,4354640094
1511,8755254355,4354640094
1512,9286540824,4354640094
1513,5003652426,4361997385
1514,6770194777,4361997385
1515,6888329003,4361997385
1516,8884127740,4361997385
1517,9391243913,4361997385
1518,9745547309,4361997385
1519,5968697718,4398528529
1520,6653016792,4398528529
1521,7326316514,4398528529
1522,8022999071,4398528529
1523,8366915835,4398528529
1524,8518020977,4398528529
1525,8904974567,4398528529
1526,9693281616,4398528529
1527,9977096656,4398528529
1528,6575514279,4412545960
1529,7036133103,4412545960
1530,7602706757,4412545960
1531,9613349645,4412545960
1532,4520655952,4447761056
1533,5018726924,4447761056
1534,5879367460,4447761056
1535,8366915835,4447761056
1536,5524889860,4520655952
1537,6198694685,4520655952
1538,6294571017,4520655952
1539,7196908792,4520655952
1540,7818575811,4520655952
1541,8755254355,4520655952
1542,8759460433,4520655952
1543,9112240300,4520655952
1544,9286540824,4520655952
1545,5738787761,4527120996
1546,5992328952,4527120996
1547,6072640939,4527120996
1548,6636378270,4527120996
1549,6770194777,4527120996
1550,9560890341,4527120996
1551,4908371100,4586825341
1552,5246789898,4586825341
1553,5304257169,4586825341
1554,5357292814,4586825341
1555,6507362291,4586825341
1556,7311208909,4586825341
1557,7453356406,4586825341
1558,8313998834,4586825341
1559,8762079184,4586825341
1560,9252234072,4586825341
1561,5063366399,4652266479
1562,5787127099,4652266479
1563,6180718799,4652266479
1564,6575514279,4652266479
1565,7036133103,4652266479
1566,8497548462,4652266479
1567,8656039432,4652266479
1568,9613349645,4652266479
1569,9905060844,4652266479
1570,4910783635,4681769557
1571,6504753297,4681769557
1572,7925135008,4681769557
1573,8972885569,4681769557
1574,9772664627,4681769557
1575,9910335967,4681769557
1576,5057255746,4690605031
1577,5206622041,4690605031
1578,5580242723,4690605031
1579,7267634776,4690605031
1580,5003652426,4700272551
1581,5992328952,4700272551
1582,7720927932,4700272551
1583,8884127740,4700272551
1584,8996142866,4700272551
1585,5580242723,4772548869
1586,6180718799,4772548869
1587,7036133103,4772548869
1588,7254923054,4772548869
1589,8656039432,4772548869
1590,8882938211,4772548869
1591,9613349645,4772548869
1592,9905060844,4772548869
1593,4910783635,4798953869
1594,5825980980,4798953869
1595,6795259652,4798953869
1596,7925135008,4798953869
1597,7953459656,4798953869
1598,8972885569,4798953869
1599,9551062514,4798953869
1600,9772664627,4798953869
1601,5344040621,4886494341
1602,6770194777,4886494341
1603,6888329003,4886494341
1604,8996142866,4886494341
1605,9745547309,4886494341
1606,5524889860,4908371100
1607,5892416132,4908371100
1608,6795259652,4908371100
1609,6853322572,4908371100
1610,8842257403,4908371100
1611,9320562541,4908371100
1612,5413382166,4910783635
1613,6856263657,4910783635
1614,7311208909,4910783635
1615,7855514936,4910783635
1616,5787127099,5003652426
1617,7049908306,5003652426
1618,7254923054,5003652426
1619,7818575811,5003652426
1620,5825980980,5014671470
1621,5892416132,5014671470
1622,6795259652,5014671470
1623,6853322572,5014671470
1624,6198694685,5018726924
1625,6294571017,5018726924
1626,7818575811,5018726924
1627,8755254355,5018726924
1628,8759460433,5018726924
1629,9112240300,5018726924
1630,9286540824,5018726924
1631,5561061160,5057255746
1632,7424682124,5057255746
1633,7855514936,5057255746
1634,8482451416,5057255746
1635,5879367460,5063366399
1636,7154869206,5063366399
1637,9461782214,5063366399
1638,9529568076,5063366399
1639,9949086130,5063366399
1640,9977096656,5063366399
1641,5246789898,5108077127
1642,5304257169,5108077127
1643,5357292814,5108077127
1644,6397162252,5108077127
1645,7311208909,5108077127
1646,8482451416,5108077127
1647,9252234072,5108077127
1648,5879367460,5143094305
1649,8996142866,5143094305
1650,7826465361,5206102991
1651,7995028405,5206102991
1652,8605042518,5206102991
1653,8820499738,5206102991
1654,5561061160,5206622041
1655,8482451416,5206622041
1656,5580242723,5222043674
1657,5787127099,5222043674
1658,6575514279,5222043674
1659,7254923054,5222043674
1660,7602706757,5222043674
1661,8882938211,5222043674
1662,9613349645,5222043674
1663,6853322572,5246789898
1664,7953459656,5246789898
1665,8842257403,5246789898
1666,8972885569,5246789898
1667,9551062514,5246789898
1668,6795259652,5304257169
1669,7658398632,5304257169
1670,9551062514,5304257169
1671,7826465361,5344040621
1672,8820499738,5344040621
1673,9677005232,5344040621
1674,5825980980,5357292814
1675,6795259652,5357292814
1676,8842257403,5357292814
1677,9551062514,5357292814
1678,6294571017,5413382166
1679,7661274914,5413382166
1680,6072640939,5468973587
1681,6770194777,5468973587
1682,6888329003,5468973587
1683,8884127740,5468973587
1684,6397162252,5524889860
1685,6507362291,5524889860
1686,6671210440,5524889860
1687,8762079184,5524889860
1688,9252234072,5524889860
1689,5721010288,5561061160
1690,6504753297,5561061160
1691,7267634776,5561061160
1692,5992328952,5580242723
1693,8884127740,5580242723
1694,6397162252,5721010288
1695,7424682124,5721010288
1696,7855514936,5721010288
1697,6100407983,5752244730
1698,7971971423,5752244730
1699,7995028405,5752244730
1700,5992328952,5787127099
1701,6868750846,5787127099
1702,7720927932,5787127099
1703,8518020977,5787127099
1704,8996142866,5787127099
1705,9461782214,5787127099
1706,6100407983,5824901229
1707,7995028405,5824901229
1708,6856263657,5825980980
1709,9252234072,5825980980
1710,7036133103,5879367460
1711,7745756821,5879367460
1712,8497548462,5879367460
1713,8551579893,5879367460
1714,8755254355,5879367460
1715,9286540824,5879367460
1716,6397162252,5892416132
1717,6507362291,5892416132
1718,8022999071,5892416132
1719,8758143514,5892416132
1720,8762079184,5892416132
1721,6180718799,5968697718
1722,7036133103,5968697718
1723,7602706757,5968697718
1724,9613349645,5968697718
1725,9905060844,5968697718
1726,6779594069,5992328952
1727,7036133103,5992328952
1728,7049908306,5992328952
1729,7699641828,5992328952
1730,9483857787,5992328952
1731,6100407983,6072640939
1732,8820499738,6072640939
1733,9677005232,6072640939
1734,6636378270,6100407983
1735,8167153089,6100407983
1736,9391243913,6100407983
1737,9560890341,6100407983
1738,7326316514,6198694685
1739,8366915835,6198694685
1740,6770194777,6291767438
1741,6888329003,6291767438
1742,9745547309,6291767438
1743,6397162252,6294571017
1744,8758143514,6294571017
1745,6853322572,6397162252
1746,7661274914,6397162252
1747,8842257403,6397162252
1748,9320562541,6397162252
1749,6856263657,6504753297
1750,7855514936,6504753297
1751,8482451416,6504753297
1752,9320562541,6507362291
1753,9772664627,6507362291
1754,6868750846,6575514279
1755,8518020977,6575514279
1756,6664020485,6636378270
1757,7826465361,6636378270
1758,8605042518,6636378270
1759,9677005232,6636378270
1760,7196908792,6653016792
1761,7745756821,6653016792
1762,7818575811,6653016792
1763,9112240300,6653016792
1764,6770194777,6664020485
1765,6888329003,6664020485
1766,7658398632,6671210440
1767,7661274914,6671210440
1768,7818575811,6671210440
1769,8759460433,6671210440
1770,9840422477,6770194777
1771,8780072262,6779594069
1772,8996142866,6779594069
1773,6856263657,6795259652
1774,7453356406,6795259652
1775,8313998834,6795259652
1776,7311208909,6853322572
1777,7453356406,6853322572
1778,8762079184,6853322572
1779,7925135008,6856263657
1780,7953459656,6856263657
1781,9551062514,6856263657
1782,7254923054,6868750846
1783,7254923054,6888329003
1784,9483857787,6888329003
1785,9840422477,6888329003
1786,8518020977,7036133103
1787,8780072262,7036133103
1788,8780072262,7049908306
1789,8996142866,7049908306
1790,7602706757,7154869206
1791,8551579893,7154869206
1792,8656039432,7154869206
1793,9905060844,7154869206
1794,7326316514,7196908792
1795,7453356406,7196908792
1796,8022999071,7196908792
1797,8366915835,7196908792
1798,9529568076,7196908792
1799,9693281616,7196908792
1800,9949086130,7196908792
1801,9977096656,7196908792
1802,7720927932,7254923054
1803,8758143514,7254923054
1804,8780072262,7254923054
1805,8884127740,7254923054
1806,8996142866,7254923054
1807,9745547309,7254923054
1808,7855514936,7267634776
1809,8482451416,7267634776
1810,7953459656,7311208909
1811,8972885569,7311208909
1812,9551062514,7311208909
1813,9772664627,7311208909
1814,7699641828,7326316514
1815,8497548462,7326316514
1816,8656039432,7326316514
1817,9112240300,7326316514
1818,9286540824,7326316514
1819,8842257403,7453356406
1820,9772664627,7453356406
1821,8022999071,7658398632
1822,8022999071,7661274914
1823,8758143514,7661274914
1824,7826465361,7720927932
1825,9613349645,7720927932
1826,9693281616,7745756821
1827,9949086130,7745756821
1828,8366915835,7818575811
1829,9693281616,7818575811
1830,8167153089,7826465361
1831,9391243913,7826465361
1832,9560890341,7826465361
1833,7879808294,7855514936
1834,7925135008,7855514936
1835,9806478068,7855514936
1836,8313998834,7879808294
1837,8386416265,7971971423
1838,9228894591,7971971423
1839,9861534240,7971971423
1840,8167153089,7995028405
1841,9228894591,7995028405
1842,9861534240,7995028405
1843,8497548462,8022999071
1844,8759460433,8022999071
1845,8842257403,8022999071
1846,9286540824,8022999071
1847,8605042518,8167153089
1848,9112240300,8313998834
1849,9551062514,8313998834
1850,8755254355,8366915835
1851,9286540824,8366915835
1852,9772664627,8366915835
1853,9910335967,8482451416
1854,9461782214,8497548462
1855,9560890341,8497548462
1856,9693281616,8497548462
1857,9977096656,8497548462
1858,8551579893,8518020977
1859,9613349645,8518020977
1860,9905060844,8518020977
1861,8904974567,8656039432
1862,9461782214,8656039432
1863,9529568076,8656039432
1864,9693281616,8755254355
1865,9977096656,8755254355
1866,8759460433,8758143514
1867,9286540824,8758143514
1868,9320562541,8758143514
1869,9905060844,8758143514
1870,9772664627,8762079184
1871,9483857787,8780072262
1872,9905060844,8996142866
1873,9529568076,9112240300
1874,9693281616,9112240300
1875,9949086130,9112240300
1876,9977096656,9112240300
1877,9560890341,9321617418
1878,9677005232,9391243913
1879,9905060844,9461782214
1880,9745547309,9483857787
1881,9677005232,9560890341
1882,9949086130,9905060844
