user_id_1,user_id_2,first_to_second,second_to_first
701459202,1149832519,t,
701459202,1249931243,t,t
701459202,1760606393,t,
701459202,2005518440,t,t
701459202,2137410657,t,
701459202,2345319694,,t
701459202,2735442008,,t
701459202,3425349534,,t
701459202,3938943565,,t
701459202,4025688945,t,t
701459202,4681769557,,t
701459202,4690605031,t,t
701459202,4772548869,t,
701459202,4908371100,t,t
701459202,5018726924,,t
701459202,5246789898,t,
701459202,6507362291,,t
701459202,7720927932,t,
701459202,7855514936,t,t
701459202,8022999071,t,t
701459202,8482451416,t,t
701459202,8762079184,t,
701459202,9391243913,t,
1040655001,1078866663,t,
1040655001,2483418261,t,
1040655001,2498690951,,t
1040655001,3222294648,t,t
1040655001,3313502482,,t
1040655001,3530403910,,t
1040655001,3697935815,,t
1040655001,4361997385,,t
1040655001,4398528529,t,
1040655001,4527120996,t,
1040655001,4700272551,t,
1040655001,4886494341,,t
1040655001,5468973587,,t
1040655001,5580242723,,t
1040655001,5892416132,t,
1040655001,6294571017,,t
1040655001,6575514279,,t
1040655001,6779594069,t,
1040655001,7049908306,,t
1040655001,7254923054,,t
1040655001,7602706757,,t
1040655001,7745756821,,t
1040655001,7826465361,t,
1040655001,8759460433,t,
1040655001,8882938211,,t
1040655001,9321617418,t,
1040655001,9483857787,t,t
1040655001,9840422477,,t
1040655001,9910335967,t,
1041534172,1078866663,,t
1041534172,2137739631,t,
1041534172,2498690951,,t
1041534172,3313502482,t,
1041534172,3634124632,t,t
1041534172,3758551176,,t
1041534172,3914667746,t,
1041534172,4398528529,,t
1041534172,4586825341,t,
1041534172,6180718799,,t
1041534172,6198694685,t,t
1041534172,6294571017,t,
1041534172,6504753297,t,
1041534172,6664020485,t,
1041534172,7196908792,t,t
1041534172,7661274914,,t
1041534172,7745756821,t,t
1041534172,7879808294,t,
1041534172,8497548462,,t
1041534172,8551579893,t,
1041534172,8755254355,,t
1041534172,8759460433,t,
1041534172,8882938211,t,
1041534172,9112240300,,t
1041534172,9286540824,,t
1041534172,9320562541,,t
1041534172,9613349645,,t
1041534172,9772664627,,t
1041534172,9910335967,,t
1078866663,1346815748,,t
1078866663,1694578849,t,
1078866663,2000298491,t,
1078866663,2099312817,,t
1078866663,2137410657,,t
1078866663,2231211674,t,t
1078866663,2406805573,,t
1078866663,2735442008,t,t
1078866663,4354640094,t,
1078866663,4412545960,t,t
1078866663,4772548869,t,
1078866663,5222043674,t,t
1078866663,5344040621,,t
1078866663,5879367460,t,t
1078866663,5968697718,t,t
1078866663,5992328952,t,t
1078866663,6636378270,,t
1078866663,6770194777,t,t
1078866663,6868750846,t,
1078866663,7720927932,,t
1078866663,8366915835,t,
1078866663,8482451416,,t
1078866663,8518020977,t,
1078866663,8884127740,t,
1078866663,9391243913,t,
1078866663,9461782214,t,
1078866663,9529568076,t,
1078866663,9693281616,t,
1078866663,9949086130,t,
1149832519,1321984521,,t
1149832519,1747746445,,t
1149832519,2137739631,t,t
1149832519,2483418261,,t
1149832519,2573666635,t,t
1149832519,3001805784,t,t
1149832519,3455368210,t,
1149832519,3501205260,t,
1149832519,3758551176,t,
1149832519,3847711524,t,t
1149832519,3914667746,t,
1149832519,4292333294,t,t
1149832519,4910783635,t,t
1149832519,5524889860,t,
1149832519,5721010288,t,t
1149832519,5825980980,,t
1149832519,6504753297,,t
1149832519,7925135008,t,t
1149832519,8497548462,t,
1149832519,8759460433,,t
1149832519,8842257403,,t
1149832519,8972885569,t,t
1149832519,9551062514,,t
1149832519,9772664627,t,t
1149832519,9806478068,t,t
1149832519,9910335967,t,
1211317996,1390916723,,t
1211317996,1669961152,,t
1211317996,2498690951,t,
1211317996,3530403910,t,t
1211317996,3697935815,t,
1211317996,4051492989,,t
1211317996,4361997385,,t
1211317996,4527120996,t,
1211317996,6100407983,t,t
1211317996,6779594069,,t
1211317996,7254923054,,t
1211317996,7826465361,t,t
1211317996,7925135008,t,
1211317996,7971971423,t,
1211317996,7995028405,t,
1211317996,8605042518,t,t
1211317996,8759460433,t,
1211317996,8820499738,t,t
1211317996,8882938211,,t
1211317996,9321617418,,t
1211317996,9677005232,t,
1249931243,1321984521,t,t
1249931243,1963259070,,t
1249931243,3495485229,t,
1249931243,3634580765,,t
1249931243,3758551176,t,t
1249931243,3914667746,t,
1249931243,4008220935,t,t
1249931243,4051492989,,t
1249931243,4447761056,t,t
1249931243,4586825341,,t
1249931243,4910783635,,t
1249931243,5057255746,,t
1249931243,5063366399,,t
1249931243,5468973587,,t
1249931243,5892416132,t,
1249931243,6198694685,t,
1249931243,6294571017,t,t
1249931243,7661274914,t,t
1249931243,7818575811,,t
1249931243,7925135008,t,
1249931243,8497548462,t,t
1249931243,8551579893,t,
1249931243,8656039432,t,
1249931243,8755254355,t,
1249931243,8759460433,,t
1249931243,8842257403,,t
1249931243,9286540824,t,t
1249931243,9483857787,t,
1321984521,1408068402,t,t
1321984521,1445192119,t,
1321984521,1617956083,,t
1321984521,2099312817,t,
1321984521,2137410657,,t
1321984521,2345319694,,t
1321984521,2569386884,t,
1321984521,2705841754,t,t
1321984521,3107108225,t,t
1321984521,3783327610,t,t
1321984521,3967123401,t,t
1321984521,4241617225,t,
1321984521,4354640094,t,
1321984521,4520655952,t,
1321984521,4908371100,t,t
1321984521,5014671470,t,
1321984521,5018726924,t,t
1321984521,5246789898,,t
1321984521,5413382166,t,t
1321984521,5968697718,,t
1321984521,6397162252,,t
1321984521,6507362291,t,
1321984521,6671210440,t,t
1321984521,6856263657,,t
1321984521,7154869206,t,
1321984521,8022999071,t,t
1321984521,8366915835,,t
1321984521,8482451416,t,
1321984521,8758143514,t,t
1321984521,9693281616,t,
1337287435,1390916723,,t
1337287435,1669961152,t,t
1337287435,2498690951,t,t
1337287435,3222294648,t,
1337287435,3530403910,,t
1337287435,3697935815,t,t
1337287435,4051492989,t,
1337287435,4361997385,,t
1337287435,4527120996,t,t
1337287435,4700272551,,t
1337287435,4886494341,,t
1337287435,5468973587,t,t
1337287435,6100407983,t,t
1337287435,6291767438,t,t
1337287435,6664020485,,t
1337287435,6853322572,,t
1337287435,7049908306,t,
1337287435,7196908792,t,
1337287435,7254923054,t,t
1337287435,7699641828,t,
1337287435,7826465361,t,t
1337287435,7971971423,t,t
1337287435,7995028405,,t
1337287435,8551579893,,t
1337287435,8605042518,t,t
1337287435,8820499738,t,t
1337287435,9321617418,,t
1337287435,9483857787,,t
1337287435,9677005232,t,t
1346815748,2586764351,,t
1346815748,3001805784,t,
1346815748,3269826320,,t
1346815748,3571910583,t,
1346815748,3632091322,,t
1346815748,3634124632,,t
1346815748,3634580765,t,
1346815748,4008220935,t,
1346815748,4398528529,,t
1346815748,4700272551,,t
1346815748,5063366399,,t
1346815748,5108077127,t,t
1346815748,5143094305,t,
1346815748,5468973587,t,
1346815748,5524889860,t,
1346815748,5825980980,t,
1346815748,6291767438,,t
1346815748,6575514279,t,t
1346815748,6779594069,,t
1346815748,7036133103,,t
1346815748,7049908306,,t
1346815748,7196908792,t,
1346815748,7602706757,,t
1346815748,7699641828,t,
1346815748,7745756821,t,
1346815748,7818575811,t,t
1346815748,8497548462,t,t
1346815748,8551579893,t,t
1346815748,8656039432,t,t
1346815748,8759460433,t,
1346815748,8882938211,,t
1346815748,9112240300,t,t
1346815748,9286540824,t,
1346815748,9320562541,,t
1346815748,9613349645,,t
1390094899,1408068402,t,
1390094899,2231211674,t,
1390094899,2345319694,t,t
1390094899,2569386884,t,t
1390094899,2705841754,t,t
1390094899,3618141154,t,t
1390094899,3967123401,t,t
1390094899,4241617225,,t
1390094899,4321091137,,t
1390094899,4354640094,,t
1390094899,4652266479,t,
1390094899,4681769557,t,
1390094899,4798953869,t,
1390094899,4908371100,,t
1390094899,5304257169,t,
1390094899,5357292814,t,
1390094899,5413382166,t,
1390094899,5561061160,t,
1390094899,6397162252,t,t
1390094899,6507362291,,t
1390094899,6671210440,t,t
1390094899,7311208909,t,
1390094899,7453356406,t,
1390094899,8022999071,t,
1390094899,8313998834,t,t
1390094899,8366915835,,t
1390094899,8482451416,,t
1390094899,8518020977,t,
1390094899,8758143514,t,
1390094899,8762079184,t,
1390094899,8884127740,,t
1390094899,9977096656,t,
1390916723,1719029308,t,
1390916723,1727334809,t,t
1390916723,1780127221,t,
1390916723,1919076435,,t
1390916723,2058643444,,t
1390916723,3107108225,,t
1390916723,3150581345,t,t
1390916723,4253781225,t,t
1390916723,4520655952,t,
1390916723,4772548869,t,
1390916723,5206102991,t,t
1390916723,5344040621,t,t
1390916723,5752244730,,t
1390916723,5824901229,t,
1390916723,6072640939,t,t
1390916723,6636378270,t,t
1390916723,6671210440,t,
1390916723,6868750846,,t
1390916723,7326316514,t,
1390916723,8167153089,t,t
1390916723,9252234072,t,
1390916723,9391243913,t,t
1390916723,9861534240,t,t
1408068402,1963259070,t,t
1408068402,2137739631,,t
1408068402,2573666635,t,
1408068402,3495485229,t,t
1408068402,3634124632,,t
1408068402,3634580765,,t
1408068402,3697935815,,t
1408068402,3758551176,t,t
1408068402,4008220935,t,t
1408068402,4447761056,t,t
1408068402,5524889860,,t
1408068402,5787127099,,t
1408068402,5825980980,t,
1408068402,6180718799,,t
1408068402,6198694685,,t
1408068402,6294571017,t,t
1408068402,7196908792,t,t
1408068402,7658398632,,t
1408068402,7661274914,t,
1408068402,7745756821,t,
1408068402,7818575811,,t
1408068402,7971971423,,t
1408068402,8755254355,t,
1408068402,8759460433,t,t
1408068402,8842257403,,t
1408068402,9286540824,t,
1408068402,9320562541,t,t
1408068402,9321617418,t,
1408068402,9613349645,t,
1433555260,1963259070,t,
1433555260,2573666635,t,
1433555260,3269826320,t,
1433555260,3495485229,t,
1433555260,3634124632,t,t
1433555260,3634580765,t,t
1433555260,3758551176,t,
1433555260,4008220935,t,
1433555260,4700272551,t,
1433555260,5143094305,,t
1433555260,5206622041,t,
1433555260,5892416132,t,
1433555260,6198694685,t,
1433555260,6664020485,,t
1433555260,7196908792,,t
1433555260,7658398632,t,
1433555260,7661274914,t,
1433555260,7745756821,t,t
1433555260,7818575811,t,t
1433555260,8497548462,t,t
1433555260,8551579893,t,
1433555260,8656039432,t,
1433555260,8755254355,,t
1433555260,8972885569,,t
1433555260,9112240300,,t
1433555260,9613349645,t,
1445192119,2137739631,t,t
1445192119,2573666635,t,
1445192119,3001805784,t,t
1445192119,3269826320,,t
1445192119,3313502482,,t
1445192119,3455368210,,t
1445192119,3528453918,t,t
1445192119,3571910583,t,
1445192119,3634124632,,t
1445192119,3847711524,t,t
1445192119,4292333294,t,t
1445192119,4447761056,,t
1445192119,4586825341,,t
1445192119,4910783635,t,
1445192119,5063366399,,t
1445192119,5206622041,t,
1445192119,5721010288,t,
1445192119,5825980980,t,
1445192119,6504753297,t,t
1445192119,6795259652,t,
1445192119,6853322572,t,t
1445192119,7267634776,t,
1445192119,7658398632,t,
1445192119,7879808294,t,
1445192119,7925135008,t,t
1445192119,7953459656,t,t
1445192119,8972885569,t,t
1445192119,9551062514,t,t
1445192119,9772664627,,t
1445192119,9806478068,t,t
1445192119,9910335967,t,
1617956083,3313502482,,t
1617956083,3495485229,,t
1617956083,3632091322,,t
1617956083,3634124632,t,t
1617956083,3634580765,t,
1617956083,3758551176,t,
1617956083,3914667746,,t
1617956083,4008220935,,t
1617956083,4398528529,t,
1617956083,4447761056,t,t
1617956083,5063366399,,t
1617956083,5787127099,t,
1617956083,6198694685,t,t
1617956083,6294571017,t,
1617956083,6575514279,t,
1617956083,6664020485,,t
1617956083,7602706757,,t
1617956083,7661274914,,t
1617956083,7818575811,t,t
1617956083,8755254355,t,t
1617956083,8842257403,,t
1617956083,9112240300,t,t
1617956083,9286540824,t,t
1617956083,9905060844,,t
1669961152,1694578849,t,
1669961152,1719029308,,t
1669961152,1727334809,t,t
1669961152,1780127221,t,t
1669961152,1919076435,t,t
1669961152,2005518440,,t
1669961152,2231211674,,t
1669961152,2406805573,t,
1669961152,2456461323,t,t
1669961152,3150581345,,t
1669961152,3967123401,t,
1669961152,4253781225,t,t
1669961152,5206102991,t,
1669961152,5344040621,,t
1669961152,5738787761,t,t
1669961152,5752244730,,t
1669961152,5824901229,,t
1669961152,5968697718,t,t
1669961152,6072640939,t,t
1669961152,6636378270,t,
1669961152,6770194777,t,t
1669961152,6888329003,t,t
1669961152,7154869206,t,
1669961152,8167153089,t,t
1669961152,9391243913,t,
1669961152,9560890341,t,t
1694578849,2586764351,t,
1694578849,3222294648,t,t
1694578849,3571910583,,t
1694578849,3632091322,t,t
1694578849,3634124632,t,
1694578849,3758551176,,t
1694578849,4361997385,,t
1694578849,4527120996,,t
1694578849,4586825341,t,
1694578849,4700272551,t,t
1694578849,4886494341,,t
1694578849,5143094305,,t
1694578849,5468973587,,t
1694578849,5524889860,,t
1694578849,5580242723,t,
1694578849,5787127099,t,t
1694578849,6100407983,,t
1694578849,6575514279,,t
1694578849,6779594069,,t
1694578849,7254923054,t,t
1694578849,7602706757,,t
1694578849,7699641828,t,
1694578849,7995028405,,t
1694578849,8605042518,,t
1694578849,9613349645,t,t
1694578849,9905060844,t,
1719029308,3222294648,t,
1719029308,3495485229,,t
1719029308,3758551176,,t
1719029308,4361997385,t,t
1719029308,4886494341,t,t
1719029308,5143094305,t,t
1719029308,5468973587,t,
1719029308,5580242723,,t
1719029308,5892416132,t,
1719029308,6100407983,,t
1719029308,6291767438,t,t
1719029308,6575514279,t,
1719029308,6664020485,t,t
1719029308,7049908306,t,
1719029308,7602706757,t,
1719029308,7826465361,t,
1719029308,8605042518,,t
1719029308,9321617418,t,
1719029308,9483857787,t,t
1719029308,9840422477,t,t
1727334809,3269826320,,t
1727334809,3501205260,t,t
1727334809,3530403910,t,t
1727334809,3634580765,t,
1727334809,3697935815,,t
1727334809,4051492989,t,
1727334809,4886494341,,t
1727334809,5143094305,t,
1727334809,5468973587,,t
1727334809,5524889860,,t
1727334809,5787127099,t,
1727334809,6100407983,t,t
1727334809,7826465361,,t
1727334809,7971971423,,t
1727334809,7995028405,t,
1727334809,8820499738,t,t
1727334809,8882938211,t,
1727334809,9321617418,t,t
1727334809,9677005232,t,
1727334809,9806478068,t,
1747746445,1760606393,t,t
1747746445,3783327610,,t
1747746445,4025688945,t,t
1747746445,4253781225,,t
1747746445,4321091137,,t
1747746445,4652266479,,t
1747746445,4690605031,t,
1747746445,4798953869,,t
1747746445,5357292814,t,
1747746445,5561061160,t,t
1747746445,6507362291,,t
1747746445,6856263657,,t
1747746445,7326316514,t,
1747746445,7424682124,t,t
1747746445,7855514936,t,t
1747746445,8313998834,,t
1747746445,8482451416,t,t
1747746445,9745547309,t,
1760606393,1963259070,,t
1760606393,2137739631,,t
1760606393,2573666635,t,t
1760606393,3001805784,t,t
1760606393,3313502482,t,t
1760606393,3495485229,,t
1760606393,3847711524,t,
1760606393,3914667746,t,t
1760606393,4527120996,t,
1760606393,4586825341,,t
1760606393,4910783635,t,t
1760606393,5063366399,,t
1760606393,5108077127,t,t
1760606393,5206622041,t,
1760606393,5524889860,t,
1760606393,5721010288,,t
1760606393,5825980980,,t
1760606393,6504753297,,t
1760606393,6795259652,t,t
1760606393,7658398632,,t
1760606393,7661274914,,t
1760606393,7879808294,t,t
1760606393,7925135008,t,t
1760606393,7953459656,t,t
1760606393,8755254355,,t
1760606393,8842257403,t,
1760606393,8972885569,,t
1760606393,9320562541,,t
1760606393,9551062514,t,
1760606393,9772664627,t,t
1760606393,9806478068,,t
1760606393,9910335967,t,t
1780127221,2498690951,t,t
1780127221,3501205260,t,t
1780127221,3530403910,t,t
1780127221,4051492989,t,t
1780127221,4527120996,t,
1780127221,5143094305,,t
1780127221,6100407983,t,t
1780127221,6664020485,t,
1780127221,7049908306,t,
1780127221,7699641828,,t
1780127221,7745756821,t,
1780127221,7826465361,t,t
1780127221,7971971423,,t
1780127221,7995028405,t,t
1780127221,9286540824,,t
1780127221,9483857787,t,
1919076435,2498690951,t,
1919076435,3501205260,t,
1919076435,3530403910,t,t
1919076435,3697935815,t,
1919076435,4051492989,t,t
1919076435,4527120996,t,
1919076435,4700272551,t,
1919076435,4886494341,t,t
1919076435,5468973587,t,
1919076435,6100407983,t,t
1919076435,6198694685,t,
1919076435,6291767438,t,
1919076435,7826465361,t,t
1919076435,7971971423,,t
1919076435,7995028405,t,t
1919076435,8605042518,,t
1919076435,8656039432,t,
1919076435,8755254355,t,
1919076435,8820499738,t,
1919076435,9806478068,,t
1919076435,9905060844,t,
1963259070,2345319694,t,t
1963259070,2705841754,t,t
1963259070,3107108225,,t
1963259070,3425349534,,t
1963259070,3618141154,,t
1963259070,3783327610,,t
1963259070,3938943565,,t
1963259070,3967123401,t,t
1963259070,4241617225,,t
1963259070,4253781225,t,
1963259070,4908371100,t,t
1963259070,5014671470,t,t
1963259070,5357292814,t,
1963259070,5992328952,,t
1963259070,6397162252,t,
1963259070,6507362291,t,t
1963259070,6636378270,,t
1963259070,6653016792,t,
1963259070,6671210440,t,t
1963259070,6856263657,t,
1963259070,6868750846,,t
1963259070,7424682124,t,
1963259070,7453356406,t,t
1963259070,8022999071,t,
1963259070,8313998834,t,
1963259070,8366915835,,t
1963259070,8482451416,t,
1963259070,8758143514,t,t
1963259070,8762079184,t,
1963259070,9529568076,,t
2000298491,2586764351,t,t
2000298491,3001805784,,t
2000298491,3269826320,t,t
2000298491,3758551176,t,t
2000298491,4586825341,t,
2000298491,5063366399,t,
2000298491,5143094305,t,t
2000298491,5580242723,,t
2000298491,5787127099,t,t
2000298491,6180718799,t,t
2000298491,6198694685,,t
2000298491,6575514279,t,
2000298491,7036133103,,t
2000298491,7699641828,,t
2000298491,8551579893,t,
2000298491,8656039432,t,
2000298491,8882938211,t,
2000298491,9112240300,,t
2000298491,9613349645,t,t
2000298491,9840422477,,t
2000298491,9905060844,t,t
2005518440,2137739631,t,t
2005518440,2483418261,t,t
2005518440,3001805784,t,t
2005518440,3455368210,t,t
2005518440,3847711524,t,
2005518440,3914667746,t,
2005518440,4292333294,t,t
2005518440,4398528529,,t
2005518440,4586825341,,t
2005518440,5057255746,t,t
2005518440,5108077127,t,t
2005518440,5468973587,,t
2005518440,5524889860,t,t
2005518440,5721010288,t,t
2005518440,5787127099,t,
2005518440,5892416132,,t
2005518440,6504753297,,t
2005518440,6795259652,,t
2005518440,6853322572,t,
2005518440,7267634776,t,
2005518440,7658398632,t,
2005518440,7879808294,,t
2005518440,7925135008,t,t
2005518440,7953459656,t,
2005518440,8605042518,t,
2005518440,8842257403,,t
2005518440,8972885569,t,t
2005518440,9112240300,,t
2005518440,9551062514,t,
2005518440,9772664627,t,t
2005518440,9806478068,t,t
2005518440,9910335967,t,t
2058643444,2573666635,t,
2058643444,3269826320,,t
2058643444,3495485229,t,t
2058643444,3501205260,t,
2058643444,3530403910,t,
2058643444,3634124632,t,t
2058643444,3634580765,t,
2058643444,3758551176,t,t
2058643444,4398528529,t,
2058643444,4447761056,t,
2058643444,4586825341,t,
2058643444,5063366399,,t
2058643444,5524889860,,t
2058643444,5892416132,t,t
2058643444,6198694685,t,t
2058643444,6294571017,t,
2058643444,7049908306,,t
2058643444,7196908792,t,t
2058643444,7661274914,,t
2058643444,7818575811,t,t
2058643444,8497548462,,t
2058643444,8656039432,,t
2058643444,8755254355,t,t
2058643444,8759460433,t,t
2058643444,9286540824,t,t
2058643444,9483857787,,t
2058643444,9551062514,,t
2058643444,9613349645,,t
2099312817,2498690951,t,
2099312817,2586764351,t,t
2099312817,3269826320,t,t
2099312817,3634580765,t,t
2099312817,3847711524,t,
2099312817,4008220935,,t
2099312817,4398528529,t,
2099312817,4700272551,t,
2099312817,5063366399,t,t
2099312817,5143094305,t,
2099312817,5787127099,,t
2099312817,7036133103,,t
2099312817,7049908306,t,
2099312817,7196908792,t,
2099312817,7745756821,,t
2099312817,8497548462,,t
2099312817,8551579893,t,t
2099312817,8656039432,t,t
2099312817,8755254355,,t
2099312817,9320562541,,t
2099312817,9483857787,t,
2099312817,9613349645,t,t
2099312817,9840422477,,t
2099312817,9905060844,,t
2137410657,2137739631,t,
2137410657,2573666635,t,
2137410657,2586764351,t,
2137410657,3634124632,t,
2137410657,3634580765,t,
2137410657,3758551176,t,t
2137410657,3914667746,t,
2137410657,4398528529,t,t
2137410657,5063366399,,t
2137410657,5787127099,,t
2137410657,5892416132,t,t
2137410657,6180718799,,t
2137410657,6198694685,t,t
2137410657,6291767438,,t
2137410657,7036133103,,t
2137410657,7196908792,t,
2137410657,7267634776,,t
2137410657,7699641828,t,
2137410657,7745756821,t,t
2137410657,7818575811,,t
2137410657,7826465361,t,
2137410657,8497548462,t,t
2137410657,8755254355,,t
2137410657,9112240300,t,t
2137410657,9806478068,t,
2137739631,2345319694,t,
2137739631,2569386884,,t
2137739631,3938943565,,t
2137739631,4025688945,t,
2137739631,4321091137,t,t
2137739631,4412545960,t,
2137739631,4681769557,t,t
2137739631,4798953869,,t
2137739631,5018726924,,t
2137739631,5222043674,,t
2137739631,5304257169,t,
2137739631,5357292814,t,t
2137739631,5561061160,t,
2137739631,6856263657,t,t
2137739631,7311208909,t,t
2137739631,7326316514,,t
2137739631,7453356406,t,
2137739631,7855514936,t,t
2137739631,8313998834,t,
2137739631,8482451416,t,t
2137739631,8518020977,,t
2137739631,8758143514,,t
2137739631,9228894591,,t
2137739631,9949086130,,t
2231211674,2586764351,t,
2231211674,3222294648,,t
2231211674,3571910583,t,
2231211674,3632091322,t,t
2231211674,4008220935,,t
2231211674,4361997385,,t
2231211674,4700272551,t,t
2231211674,4886494341,t,
2231211674,5057255746,t,t
2231211674,5063366399,,t
2231211674,5580242723,t,t
2231211674,5787127099,t,t
2231211674,6180718799,t,
2231211674,6198694685,t,t
2231211674,6291767438,,t
2231211674,6575514279,t,t
2231211674,6664020485,t,
2231211674,7036133103,t,t
2231211674,7254923054,t,t
2231211674,7602706757,t,t
2231211674,7699641828,t,t
2231211674,8497548462,,t
2231211674,8759460433,,t
2231211674,8882938211,t,t
2231211674,9321617418,t,
2231211674,9905060844,t,
2345319694,2573666635,t,t
2345319694,3313502482,,t
2345319694,3634124632,,t
2345319694,3847711524,,t
2345319694,3914667746,t,t
2345319694,4008220935,t,t
2345319694,4292333294,t,t
2345319694,4447761056,,t
2345319694,5108077127,t,
2345319694,5524889860,t,t
2345319694,5825980980,t,
2345319694,5892416132,t,t
2345319694,6198694685,t,
2345319694,6294571017,t,
2345319694,6853322572,t,t
2345319694,7661274914,t,
2345319694,7879808294,t,
2345319694,7953459656,t,t
2345319694,8842257403,t,
2345319694,9112240300,t,
2345319694,9286540824,t,
2345319694,9320562541,t,t
2406805573,3269826320,t,
2406805573,3571910583,t,
2406805573,3632091322,,t
2406805573,3847711524,t,
2406805573,4527120996,,t
2406805573,4700272551,t,t
2406805573,4886494341,t,
2406805573,5057255746,,t
2406805573,5063366399,t,
2406805573,5580242723,t,t
2406805573,5721010288,,t
2406805573,5787127099,t,t
2406805573,6180718799,,t
2406805573,6575514279,t,t
2406805573,6664020485,,t
2406805573,6779594069,t,t
2406805573,7036133103,,t
2406805573,7049908306,,t
2406805573,7254923054,t,t
2406805573,7602706757,,t
2406805573,7661274914,t,
2406805573,7699641828,t,t
2406805573,8759460433,t,
2406805573,8882938211,t,t
2406805573,9320562541,,t
2406805573,9483857787,,t
2406805573,9613349645,t,t
2406805573,9677005232,t,
2406805573,9905060844,t,t
2456461323,2498690951,t,t
2456461323,3697935815,t,t
2456461323,4051492989,,t
2456461323,4527120996,t,t
2456461323,4886494341,,t
2456461323,5143094305,,t
2456461323,5468973587,t,
2456461323,6100407983,t,
2456461323,6291767438,t,t
2456461323,6575514279,t,
2456461323,7036133103,t,
2456461323,7699641828,t,
2456461323,7826465361,t,
2456461323,7971971423,,t
2456461323,7995028405,,t
2456461323,8605042518,t,t
2456461323,8755254355,t,
2456461323,8820499738,,t
2456461323,9286540824,,t
2456461323,9483857787,t,
2456461323,9613349645,,t
2456461323,9677005232,t,t
2456461323,9840422477,,t
2483418261,2705841754,t,t
2483418261,3107108225,t,
2483418261,3425349534,t,
2483418261,3618141154,t,
2483418261,3783327610,t,
2483418261,3938943565,,t
2483418261,3967123401,,t
2483418261,4025688945,,t
2483418261,4681769557,t,t
2483418261,4690605031,t,t
2483418261,4798953869,t,
2483418261,4908371100,,t
2483418261,5357292814,t,
2483418261,5561061160,,t
2483418261,7311208909,t,t
2483418261,7424682124,t,t
2483418261,7855514936,t,t
2483418261,8482451416,t,
2483418261,8762079184,,t
2483418261,8884127740,,t
2498690951,2735442008,,t
2498690951,3150581345,t,t
2498690951,4253781225,t,
2498690951,5344040621,t,t
2498690951,5824901229,,t
2498690951,6072640939,t,t
2498690951,6636378270,t,t
2498690951,6653016792,,t
2498690951,6770194777,t,
2498690951,6868750846,t,
2498690951,8167153089,t,t
2498690951,8518020977,,t
2498690951,9228894591,,t
2498690951,9391243913,t,t
2498690951,9461782214,,t
2498690951,9560890341,t,t
2569386884,3269826320,t,
2569386884,3495485229,,t
2569386884,3632091322,t,
2569386884,3634124632,t,t
2569386884,3634580765,,t
2569386884,3758551176,t,t
2569386884,4398528529,t,t
2569386884,4447761056,,t
2569386884,4527120996,,t
2569386884,4700272551,t,
2569386884,4910783635,t,
2569386884,5063366399,t,
2569386884,6180718799,,t
2569386884,6198694685,t,
2569386884,6291767438,,t
2569386884,6294571017,,t
2569386884,6779594069,t,
2569386884,7049908306,,t
2569386884,7196908792,t,t
2569386884,7699641828,,t
2569386884,7745756821,t,t
2569386884,7818575811,,t
2569386884,8497548462,t,t
2569386884,8551579893,t,
2569386884,8656039432,t,
2569386884,8755254355,t,
2569386884,8759460433,t,
2569386884,9112240300,t,
2569386884,9613349645,t,
2569386884,9677005232,t,
2569386884,9840422477,,t
2573666635,3107108225,t,t
2573666635,3150581345,,t
2573666635,3618141154,t,
2573666635,3783327610,t,t
2573666635,3938943565,t,
2573666635,3967123401,,t
2573666635,4321091137,t,t
2573666635,4652266479,t,
2573666635,4681769557,t,t
2573666635,4798953869,t,t
2573666635,5014671470,t,
2573666635,5246789898,t,t
2573666635,5304257169,,t
2573666635,5357292814,t,
2573666635,5561061160,t,
2573666635,6671210440,,t
2573666635,6856263657,t,t
2573666635,7311208909,,t
2573666635,7424682124,t,
2573666635,7453356406,t,
2573666635,7855514936,,t
2573666635,8313998834,,t
2573666635,8904974567,,t
2573666635,9252234072,t,t
2586764351,3037422570,,t
2586764351,3150581345,,t
2586764351,3580971737,t,
2586764351,3618141154,,t
2586764351,4086792615,t,
2586764351,4412545960,t,
2586764351,4652266479,t,t
2586764351,4772548869,t,t
2586764351,5222043674,t,t
2586764351,5344040621,t,
2586764351,5968697718,t,t
2586764351,5992328952,t,
2586764351,6770194777,t,
2586764351,6888329003,,t
2586764351,7154869206,t,
2586764351,7326316514,t,
2586764351,8366915835,,t
2586764351,8518020977,t,t
2586764351,8780072262,t,
2586764351,9461782214,t,
2586764351,9529568076,t,
2586764351,9977096656,t,t
2705841754,3001805784,t,
2705841754,3634124632,,t
2705841754,3634580765,t,t
2705841754,4008220935,t,t
2705841754,4447761056,t,t
2705841754,4910783635,,t
2705841754,5108077127,,t
2705841754,5524889860,t,t
2705841754,5892416132,,t
2705841754,6100407983,t,
2705841754,6198694685,t,
2705841754,6294571017,t,
2705841754,6504753297,t,
2705841754,6795259652,t,
2705841754,6853322572,t,
2705841754,7267634776,t,
2705841754,7661274914,t,
2705841754,7745756821,t,
2705841754,7953459656,t,
2705841754,8497548462,t,
2705841754,8656039432,t,
2705841754,8755254355,t,t
2705841754,8759460433,t,
2705841754,8820499738,t,
2705841754,8842257403,,t
2705841754,8972885569,,t
2705841754,9320562541,t,
2705841754,9321617418,t,
2705841754,9551062514,t,t
2705841754,9910335967,t,
2735442008,3222294648,t,t
2735442008,3571910583,t,t
2735442008,3632091322,,t
2735442008,3697935815,,t
2735442008,4361997385,t,
2735442008,4447761056,t,
2735442008,4700272551,t,
2735442008,4886494341,t,
2735442008,4910783635,,t
2735442008,5143094305,t,t
2735442008,5580242723,,t
2735442008,6100407983,,t
2735442008,6291767438,,t
2735442008,6664020485,,t
2735442008,7049908306,,t
2735442008,7254923054,t,
2735442008,7818575811,,t
2735442008,7826465361,t,t
2735442008,7879808294,,t
2735442008,9321617418,,t
2735442008,9840422477,,t
2735442008,9905060844,,t
3001805784,3580971737,t,t
3001805784,3783327610,t,
3001805784,3938943565,,t
3001805784,4241617225,t,
3001805784,4321091137,t,
3001805784,4520655952,,t
3001805784,4681769557,t,t
3001805784,4798953869,t,t
3001805784,5246789898,,t
3001805784,5304257169,t,t
3001805784,5357292814,,t
3001805784,5879367460,t,
3001805784,6671210440,t,
3001805784,6856263657,t,t
3001805784,7311208909,t,t
3001805784,7424682124,,t
3001805784,7855514936,t,t
3001805784,8482451416,,t
3001805784,9252234072,,t
3001805784,9560890341,t,
3037422570,3269826320,t,t
3037422570,3632091322,,t
3037422570,3634580765,t,
3037422570,3758551176,,t
3037422570,3914667746,t,
3037422570,4700272551,t,
3037422570,5063366399,t,t
3037422570,5143094305,t,t
3037422570,5524889860,t,
3037422570,5787127099,t,
3037422570,6180718799,t,t
3037422570,6504753297,,t
3037422570,6575514279,t,t
3037422570,6795259652,,t
3037422570,6853322572,,t
3037422570,7036133103,t,t
3037422570,7699641828,,t
3037422570,7745756821,,t
3037422570,7925135008,t,t
3037422570,8497548462,t,
3037422570,8551579893,t,t
3037422570,8656039432,t,t
3037422570,8882938211,t,t
3037422570,9112240300,,t
3037422570,9613349645,t,t
3037422570,9905060844,t,t
3107108225,3495485229,,t
3107108225,3571910583,,t
3107108225,3634580765,t,
3107108225,3914667746,t,t
3107108225,4008220935,t,t
3107108225,4051492989,t,
3107108225,4586825341,,t
3107108225,4886494341,,t
3107108225,5063366399,t,
3107108225,5108077127,t,
3107108225,5206622041,t,
3107108225,5524889860,t,t
3107108225,6180718799,,t
3107108225,6294571017,t,t
3107108225,6779594069,t,
3107108225,6795259652,t,
3107108225,6853322572,t,t
3107108225,7661274914,t,
3107108225,7818575811,t,
3107108225,8551579893,t,
3107108225,8755254355,,t
3107108225,8759460433,t,t
3107108225,8972885569,,t
3107108225,9112240300,t,
3107108225,9320562541,t,t
3107108225,9905060844,t,
3107108225,9910335967,t,
3150581345,3222294648,,t
3150581345,3530403910,,t
3150581345,3697935815,t,t
3150581345,4051492989,,t
3150581345,4361997385,t,t
3150581345,4527120996,t,t
3150581345,4886494341,t,
3150581345,5063366399,,t
3150581345,5468973587,t,
3150581345,5580242723,t,t
3150581345,6100407983,t,
3150581345,6291767438,t,
3150581345,6664020485,t,t
3150581345,6779594069,t,
3150581345,6795259652,,t
3150581345,7826465361,t,
3150581345,8605042518,t,t
3150581345,9320562541,,t
3150581345,9321617418,t,t
3150581345,9483857787,,t
3150581345,9677005232,t,
3150581345,9840422477,t,t
3150581345,9905060844,,t
3222294648,3580971737,,t
3222294648,4241617225,t,
3222294648,4253781225,t,
3222294648,4412545960,t,
3222294648,4520655952,t,
3222294648,5003652426,,t
3222294648,5738787761,,t
3222294648,5992328952,t,t
3222294648,6770194777,,t
3222294648,6868750846,t,t
3222294648,6888329003,t,t
3222294648,7154869206,,t
3222294648,7424682124,t,
3222294648,7720927932,t,t
3222294648,8386416265,t,
3222294648,8518020977,t,
3222294648,8780072262,t,
3222294648,8884127740,t,
3222294648,8904974567,,t
3222294648,8996142866,t,t
3222294648,9745547309,t,
3222294648,9861534240,t,
3269826320,3967123401,t,t
3269826320,4086792615,,t
3269826320,4241617225,t,
3269826320,4798953869,t,
3269826320,5222043674,t,t
3269826320,5413382166,,t
3269826320,5879367460,t,t
3269826320,5968697718,,t
3269826320,6397162252,t,
3269826320,6770194777,t,
3269826320,7154869206,t,t
3269826320,7326316514,,t
3269826320,8366915835,t,t
3269826320,8482451416,,t
3269826320,8518020977,t,
3269826320,8904974567,t,
3269826320,8996142866,t,
3269826320,9461782214,t,t
3269826320,9529568076,t,t
3269826320,9949086130,t,t
3313502482,3618141154,,t
3313502482,3685127629,,t
3313502482,3783327610,,t
3313502482,4681769557,t,
3313502482,4908371100,t,t
3313502482,5014671470,t,t
3313502482,5018726924,t,
3313502482,5246789898,t,t
3313502482,5304257169,t,t
3313502482,5357292814,t,t
3313502482,6507362291,t,
3313502482,6856263657,t,
3313502482,7311208909,t,t
3313502482,7424682124,,t
3313502482,7453356406,t,t
3313502482,8313998834,t,t
3313502482,8366915835,t,
3313502482,8386416265,t,
3313502482,8758143514,t,
3313502482,8762079184,,t
3313502482,8904974567,,t
3313502482,9252234072,t,t
3313502482,9461782214,t,
3425349534,3634124632,t,t
3425349534,3634580765,t,t
3425349534,3758551176,,t
3425349534,4398528529,t,t
3425349534,4447761056,,t
3425349534,4700272551,t,
3425349534,5063366399,t,
3425349534,5580242723,,t
3425349534,6100407983,,t
3425349534,6180718799,,t
3425349534,6198694685,,t
3425349534,6504753297,t,
3425349534,7036133103,,t
3425349534,7049908306,,t
3425349534,7196908792,t,t
3425349534,7661274914,t,t
3425349534,7699641828,t,
3425349534,7745756821,,t
3425349534,8497548462,t,t
3425349534,8656039432,,t
3425349534,8759460433,t,
3425349534,8882938211,t,
3425349534,9112240300,t,t
3425349534,9321617418,,t
3425349534,9613349645,,t
3425349534,9905060844,,t
3455368210,3580971737,t,
3455368210,3618141154,t,t
3455368210,3938943565,t,t
3455368210,4241617225,,t
3455368210,4321091137,,t
3455368210,4798953869,t,t
3455368210,5304257169,,t
3455368210,6507362291,t,
3455368210,7424682124,t,
3455368210,7855514936,t,
3455368210,8386416265,,t
3455368210,8482451416,t,t
3455368210,8758143514,t,t
3455368210,8904974567,t,
3455368210,9949086130,,t
3495485229,3685127629,,t
3495485229,3967123401,t,t
3495485229,4241617225,t,t
3495485229,4253781225,t,
3495485229,4354640094,,t
3495485229,4520655952,t,t
3495485229,4772548869,t,
3495485229,5018726924,t,t
3495485229,5246789898,t,
3495485229,5357292814,,t
3495485229,6397162252,,t
3495485229,6653016792,,t
3495485229,6671210440,t,
3495485229,7326316514,t,t
3495485229,8022999071,,t
3495485229,8366915835,t,t
3495485229,8758143514,t,t
3495485229,8762079184,t,
3495485229,8780072262,,t
3495485229,9461782214,,t
3495485229,9693281616,t,
3495485229,9861534240,t,
3495485229,9949086130,,t
3495485229,9977096656,t,
3501205260,3580971737,t,
3501205260,4241617225,,t
3501205260,4253781225,t,
3501205260,5206102991,t,
3501205260,5344040621,t,t
3501205260,5752244730,t,t
3501205260,5824901229,t,t
3501205260,5968697718,t,
3501205260,5992328952,t,
3501205260,6868750846,,t
3501205260,8167153089,t,
3501205260,8386416265,t,
3501205260,8996142866,,t
3501205260,9228894591,t,t
3501205260,9391243913,t,
3501205260,9861534240,t,t
3528453918,3618141154,,t
3528453918,3783327610,t,t
3528453918,3967123401,t,t
3528453918,4354640094,t,
3528453918,4681769557,t,t
3528453918,4690605031,,t
3528453918,4798953869,t,t
3528453918,5246789898,t,t
3528453918,5357292814,t,t
3528453918,5879367460,t,
3528453918,6397162252,t,
3528453918,6507362291,t,
3528453918,6671210440,,t
3528453918,7311208909,t,t
3528453918,7424682124,t,
3528453918,8022999071,,t
3530403910,4772548869,,t
3530403910,5206102991,t,t
3530403910,5246789898,t,
3530403910,5344040621,t,t
3530403910,5738787761,t,t
3530403910,5752244730,t,t
3530403910,5824901229,,t
3530403910,6072640939,t,t
3530403910,6636378270,,t
3530403910,8386416265,t,t
3530403910,9228894591,t,t
3530403910,9391243913,t,t
3530403910,9560890341,t,
3530403910,9861534240,t,t
3571910583,4086792615,t,
3571910583,4412545960,,t
3571910583,5003652426,t,t
3571910583,5222043674,t,
3571910583,5344040621,,t
3571910583,5992328952,,t
3571910583,6072640939,,t
3571910583,6770194777,t,t
3571910583,6868750846,t,t
3571910583,6888329003,t,t
3571910583,7720927932,t,
3571910583,8884127740,,t
3571910583,9745547309,t,t
3580971737,3634124632,t,t
3580971737,3634580765,t,t
3580971737,3697935815,,t
3580971737,3758551176,t,t
3580971737,4398528529,t,t
3580971737,4447761056,t,
3580971737,4586825341,t,
3580971737,4700272551,t,
3580971737,5057255746,,t
3580971737,5063366399,t,
3580971737,5108077127,,t
3580971737,5206622041,t,
3580971737,6180718799,t,
3580971737,6198694685,t,t
3580971737,6294571017,,t
3580971737,6779594069,t,
3580971737,7196908792,,t
3580971737,7658398632,,t
3580971737,7745756821,t,t
3580971737,7818575811,,t
3580971737,8497548462,t,t
3580971737,8656039432,,t
3580971737,8755254355,t,t
3580971737,8972885569,t,
3580971737,9112240300,t,t
3580971737,9286540824,,t
3580971737,9840422477,,t
3618141154,3758551176,t,
3618141154,3914667746,t,t
3618141154,4447761056,t,
3618141154,4586825341,t,t
3618141154,4910783635,t,t
3618141154,5108077127,t,t
3618141154,5524889860,t,t
3618141154,5825980980,,t
3618141154,5892416132,,t
3618141154,6198694685,,t
3618141154,6504753297,t,t
3618141154,6853322572,t,t
3618141154,7658398632,t,t
3618141154,7879808294,t,
3618141154,7953459656,t,t
3618141154,8551579893,,t
3618141154,8842257403,t,t
3618141154,9286540824,t,
3618141154,9320562541,,t
3618141154,9551062514,t,t
3618141154,9772664627,t,t
3632091322,4025688945,,t
3632091322,4086792615,t,t
3632091322,4241617225,t,t
3632091322,4772548869,,t
3632091322,5222043674,t,
3632091322,5561061160,,t
3632091322,5992328952,t,t
3632091322,6397162252,,t
3632091322,6671210440,t,
3632091322,6868750846,t,t
3632091322,6888329003,t,t
3632091322,7720927932,t,t
3632091322,8780072262,t,
3632091322,8884127740,t,
3632091322,8996142866,t,t
3632091322,9228894591,t,
3632091322,9391243913,t,
3632091322,9745547309,t,t
3634124632,3685127629,t,
3634124632,3938943565,t,
3634124632,4253781225,,t
3634124632,4354640094,,t
3634124632,4520655952,t,t
3634124632,5018726924,,t
3634124632,5246789898,t,
3634124632,5992328952,t,
3634124632,6671210440,t,t
3634124632,6888329003,,t
3634124632,7326316514,t,t
3634124632,7424682124,t,
3634124632,7453356406,,t
3634124632,7720927932,t,
3634124632,8366915835,t,
3634124632,8518020977,t,
3634124632,8758143514,,t
3634124632,8904974567,t,t
3634124632,9693281616,t,t
3634580765,3685127629,t,t
3634580765,4086792615,,t
3634580765,4241617225,,t
3634580765,4652266479,t,
3634580765,5018726924,t,
3634580765,5304257169,,t
3634580765,5357292814,,t
3634580765,5968697718,t,t
3634580765,6507362291,t,
3634580765,6653016792,,t
3634580765,6671210440,t,t
3634580765,7154869206,t,t
3634580765,7326316514,t,t
3634580765,7720927932,t,
3634580765,8366915835,,t
3634580765,8904974567,t,t
3634580765,9252234072,t,
3634580765,9461782214,t,t
3634580765,9529568076,t,t
3634580765,9560890341,,t
3634580765,9949086130,t,t
3634580765,9977096656,,t
3685127629,4700272551,,t
3685127629,4910783635,t,
3685127629,5063366399,t,
3685127629,5468973587,,t
3685127629,5580242723,,t
3685127629,5787127099,,t
3685127629,6198694685,t,
3685127629,6294571017,,t
3685127629,6575514279,,t
3685127629,6853322572,t,
3685127629,7196908792,t,t
3685127629,7267634776,t,
3685127629,7745756821,t,t
3685127629,7818575811,t,
3685127629,8497548462,,t
3685127629,8551579893,,t
3685127629,8656039432,t,t
3685127629,8755254355,t,
3685127629,8759460433,,t
3685127629,9112240300,t,
3685127629,9613349645,t,
3685127629,9905060844,,t
3697935815,4253781225,t,t
3697935815,5003652426,t,
3697935815,5344040621,t,t
3697935815,5413382166,,t
3697935815,5738787761,t,
3697935815,6072640939,t,t
3697935815,6636378270,t,t
3697935815,6671210440,t,
3697935815,6888329003,,t
3697935815,7154869206,t,
3697935815,8167153089,t,
3697935815,8386416265,t,
3697935815,9228894591,t,
3697935815,9560890341,t,t
3697935815,9693281616,,t
3697935815,9861534240,,t
3758551176,4241617225,t,t
3758551176,4354640094,t,t
3758551176,4520655952,t,t
3758551176,5018726924,t,t
3758551176,5246789898,,t
3758551176,5357292814,,t
3758551176,5752244730,,t
3758551176,5879367460,t,
3758551176,5968697718,t,
3758551176,6397162252,,t
3758551176,6507362291,t,
3758551176,6671210440,t,
3758551176,7311208909,,t
3758551176,7326316514,,t
3758551176,7855514936,,t
3758551176,8022999071,,t
3758551176,8366915835,t,t
3758551176,8386416265,t,
3758551176,8518020977,t,
3758551176,8758143514,,t
3758551176,8904974567,,t
3783327610,3914667746,t,t
3783327610,4292333294,t,t
3783327610,4361997385,t,
3783327610,4586825341,t,t
3783327610,4700272551,t,
3783327610,4910783635,t,t
3783327610,5108077127,,t
3783327610,5206622041,t,
3783327610,5787127099,t,
3783327610,5825980980,t,t
3783327610,5892416132,t,t
3783327610,6504753297,,t
3783327610,6795259652,t,
3783327610,6853322572,t,t
3783327610,7254923054,,t
3783327610,7658398632,t,t
3783327610,7879808294,t,
3783327610,7953459656,t,
3783327610,8656039432,t,
3783327610,8755254355,,t
3783327610,9551062514,t,t
3783327610,9806478068,,t
3783327610,9910335967,,t
3847711524,3938943565,t,t
3847711524,4025688945,t,t
3847711524,4241617225,,t
3847711524,4321091137,,t
3847711524,4681769557,,t
3847711524,4690605031,t,t
3847711524,4798953869,t,
3847711524,5304257169,,t
3847711524,5561061160,t,t
3847711524,6507362291,,t
3847711524,6856263657,t,t
3847711524,7424682124,t,t
3847711524,7855514936,t,t
3847711524,8482451416,t,
3847711524,8758143514,,t
3847711524,9693281616,t,
3914667746,3938943565,,t
3914667746,3967123401,,t
3914667746,4025688945,t,
3914667746,4241617225,t,
3914667746,4681769557,,t
3914667746,4798953869,,t
3914667746,4908371100,t,t
3914667746,5014671470,t,t
3914667746,5018726924,t,t
3914667746,5246789898,,t
3914667746,5304257169,,t
3914667746,5357292814,t,t
3914667746,6397162252,t,
3914667746,6671210440,t,t
3914667746,7311208909,t,t
3914667746,7326316514,,t
3914667746,7453356406,t,t
3914667746,7855514936,t,
3914667746,8022999071,t,
3914667746,8313998834,t,
3914667746,8758143514,,t
3914667746,8762079184,,t
3914667746,9252234072,t,t
3938943565,4292333294,t,t
3938943565,4586825341,t,
3938943565,4910783635,t,t
3938943565,5063366399,t,
3938943565,5206622041,,t
3938943565,5721010288,t,t
3938943565,5825980980,t,
3938943565,5892416132,,t
3938943565,6504753297,t,t
3938943565,6795259652,,t
3938943565,6853322572,,t
3938943565,7267634776,,t
3938943565,7658398632,t,
3938943565,7879808294,t,
3938943565,7925135008,,t
3938943565,7953459656,t,t
3938943565,8497548462,,t
3938943565,8551579893,,t
3938943565,8842257403,,t
3938943565,8972885569,t,t
3938943565,9551062514,t,
3938943565,9613349645,,t
3938943565,9772664627,,t
3938943565,9806478068,t,t
3938943565,9910335967,t,t
3967123401,4008220935,,t
3967123401,4447761056,,t
3967123401,5524889860,t,t
3967123401,5892416132,,t
3967123401,6291767438,t,
3967123401,6294571017,t,
3967123401,6795259652,t,
3967123401,6853322572,t,
3967123401,7661274914,t,t
3967123401,8755254355,t,
3967123401,8759460433,,t
3967123401,9286540824,,t
3967123401,9320562541,t,t
3967123401,9910335967,,t
4008220935,4086792615,t,
4008220935,4241617225,t,
4008220935,4354640094,t,
4008220935,4520655952,t,
4008220935,4798953869,,t
4008220935,4908371100,t,t
4008220935,5014671470,,t
4008220935,5018726924,t,
4008220935,5246789898,t,
4008220935,5413382166,,t
4008220935,5968697718,t,
4008220935,6397162252,t,t
4008220935,6507362291,t,t
4008220935,6671210440,t,t
4008220935,7154869206,t,
4008220935,7311208909,,t
4008220935,7453356406,t,
4008220935,8022999071,t,
4008220935,8313998834,t,
4008220935,8780072262,t,
4025688945,4586825341,t,
4025688945,5057255746,,t
4025688945,5063366399,t,
4025688945,5206622041,t,t
4025688945,5721010288,t,
4025688945,5825980980,t,
4025688945,6180718799,t,
4025688945,6504753297,t,
4025688945,7267634776,t,t
4025688945,7661274914,,t
4025688945,8972885569,t,t
4025688945,9112240300,,t
4025688945,9613349645,t,
4025688945,9677005232,,t
4025688945,9772664627,,t
4025688945,9806478068,t,
4025688945,9910335967,,t
4051492989,5222043674,,t
4051492989,5344040621,t,t
4051492989,5738787761,t,t
4051492989,5752244730,t,t
4051492989,6397162252,t,
4051492989,8167153089,,t
4051492989,8386416265,t,t
4051492989,8758143514,t,
4051492989,9228894591,,t
4051492989,9391243913,,t
4051492989,9861534240,,t
4086792615,4361997385,,t
4086792615,4398528529,,t
4086792615,4700272551,t,t
4086792615,4886494341,t,t
4086792615,5143094305,t,t
4086792615,5580242723,t,t
4086792615,5787127099,t,t
4086792615,6180718799,t,
4086792615,6291767438,,t
4086792615,6575514279,t,t
4086792615,6779594069,t,
4086792615,7049908306,t,t
4086792615,7254923054,t,t
4086792615,7602706757,t,t
4086792615,7699641828,,t
4086792615,7826465361,,t
4086792615,8497548462,t,
4086792615,8605042518,t,
4086792615,8820499738,t,
4086792615,8882938211,t,
4086792615,8972885569,t,
4086792615,9286540824,,t
4086792615,9483857787,t,t
4086792615,9551062514,t,
4086792615,9677005232,t,
4241617225,4447761056,t,
4241617225,4586825341,,t
4241617225,5524889860,,t
4241617225,5721010288,t,t
4241617225,5892416132,t,
4241617225,6180718799,t,
4241617225,6198694685,t,t
4241617225,6294571017,t,t
4241617225,6853322572,t,t
4241617225,7658398632,t,
4241617225,7661274914,t,
4241617225,7745756821,t,
4241617225,7818575811,t,
4241617225,8755254355,t,
4241617225,8759460433,t,t
4241617225,8820499738,,t
4241617225,8842257403,t,
4241617225,8882938211,t,
4241617225,8972885569,t,t
4241617225,9286540824,t,t
4241617225,9613349645,,t
4253781225,4527120996,,t
4253781225,5057255746,t,
4253781225,5143094305,,t
4253781225,5468973587,,t
4253781225,5580242723,,t
4253781225,6100407983,t,
4253781225,6291767438,t,
4253781225,6664020485,t,
4253781225,7049908306,,t
4253781225,7826465361,,t
4253781225,7971971423,,t
4253781225,7995028405,t,
4253781225,8605042518,t,
4253781225,8656039432,,t
4253781225,8759460433,,t
4253781225,8820499738,t,
4253781225,9321617418,t,t
4253781225,9483857787,,t
4253781225,9677005232,t,t
4253781225,9772664627,t,
4292333294,4321091137,t,t
4292333294,4520655952,,t
4292333294,4652266479,t,
4292333294,4798953869,,t
4292333294,5014671470,,t
4292333294,5304257169,,t
4292333294,5357292814,t,
4292333294,5561061160,t,t
4292333294,6397162252,,t
4292333294,6653016792,,t
4292333294,6888329003,,t
4292333294,7311208909,,t
4292333294,7424682124,t,
4292333294,7855514936,t,t
4292333294,8022999071,,t
4292333294,8482451416,,t
4292333294,8518020977,t,
4292333294,8762079184,t,
4321091137,4527120996,,t
4321091137,4586825341,,t
4321091137,4910783635,t,t
4321091137,5721010288,t,t
4321091137,5825980980,t,
4321091137,6294571017,t,
4321091137,6504753297,t,t
4321091137,6853322572,,t
4321091137,7267634776,t,
4321091137,7602706757,t,
4321091137,7658398632,t,
4321091137,7661274914,t,
4321091137,7879808294,,t
4321091137,7925135008,t,t
4321091137,7953459656,t,t
4321091137,8755254355,,t
4321091137,8759460433,,t
4321091137,8842257403,t,t
4321091137,8972885569,t,t
4321091137,9551062514,,t
4321091137,9806478068,t,
4321091137,9910335967,t,t
4354640094,4447761056,,t
4354640094,5892416132,t,
4354640094,6180718799,t,
4354640094,6198694685,t,t
4354640094,6294571017,t,t
4354640094,6504753297,t,t
4354640094,6795259652,t,t
4354640094,6853322572,,t
4354640094,7196908792,,t
4354640094,7661274914,t,
4354640094,7745756821,,t
4354640094,7818575811,t,t
4354640094,8497548462,,t
4354640094,8605042518,t,
4354640094,8755254355,t,t
4354640094,8759460433,,t
4354640094,8842257403,,t
4354640094,9286540824,t,t
4354640094,9483857787,t,
4361997385,4412545960,t,
4361997385,4772548869,,t
4361997385,5003652426,t,t
4361997385,5018726924,t,
4361997385,5206102991,t,
4361997385,5344040621,,t
4361997385,5561061160,t,
4361997385,5752244730,,t
4361997385,5824901229,t,
4361997385,6770194777,t,t
4361997385,6868750846,,t
4361997385,6888329003,t,t
4361997385,7154869206,t,
4361997385,8386416265,t,
4361997385,8758143514,t,
4361997385,8762079184,t,
4361997385,8884127740,t,t
4361997385,9391243913,t,t
4361997385,9745547309,t,t
4398528529,4520655952,t,
4398528529,4652266479,t,
4398528529,4772548869,t,
4398528529,5222043674,t,
4398528529,5357292814,t,
4398528529,5413382166,t,
4398528529,5968697718,t,t
4398528529,6653016792,t,t
4398528529,7326316514,t,t
4398528529,7453356406,t,
4398528529,8022999071,t,t
4398528529,8366915835,t,t
4398528529,8518020977,t,t
4398528529,8758143514,t,
4398528529,8762079184,t,
4398528529,8904974567,t,t
4398528529,9529568076,,t
4398528529,9693281616,t,t
4398528529,9949086130,t,
4398528529,9977096656,t,t
4412545960,4527120996,,t
4412545960,4700272551,t,
4412545960,5063366399,,t
4412545960,5580242723,t,
4412545960,6180718799,,t
4412545960,6575514279,t,t
4412545960,6779594069,,t
4412545960,6795259652,t,
4412545960,7036133103,t,t
4412545960,7049908306,,t
4412545960,7196908792,t,
4412545960,7602706757,t,t
4412545960,7699641828,t,
4412545960,7953459656,,t
4412545960,8551579893,t,
4412545960,8656039432,t,
4412545960,8820499738,t,
4412545960,8882938211,t,
4412545960,9613349645,t,t
4412545960,9677005232,t,
4412545960,9840422477,t,
4447761056,4520655952,t,t
4447761056,5018726924,t,t
4447761056,5344040621,t,
4447761056,5879367460,t,t
4447761056,5968697718,t,
4447761056,6653016792,,t
4447761056,6868750846,,t
4447761056,7326316514,t,
4447761056,8022999071,t,
4447761056,8366915835,t,t
4447761056,8758143514,t,
4447761056,9228894591,,t
4447761056,9693281616,,t
4447761056,9977096656,,t
4520655952,5524889860,t,t
4520655952,5892416132,,t
4520655952,6180718799,t,
4520655952,6198694685,t,t
4520655952,6294571017,t,t
4520655952,6504753297,,t
4520655952,7049908306,t,
4520655952,7196908792,t,t
4520655952,7818575811,t,t
4520655952,8497548462,t,
4520655952,8656039432,t,
4520655952,8755254355,t,t
4520655952,8759460433,t,t
4520655952,8842257403,t,
4520655952,9112240300,t,t
4520655952,9286540824,t,t
4520655952,9321617418,,t
4527120996,5003652426,,t
4527120996,5344040621,,t
4527120996,5738787761,t,t
4527120996,5992328952,t,t
4527120996,6072640939,t,t
4527120996,6636378270,t,t
4527120996,6770194777,t,t
4527120996,6868750846,,t
4527120996,6888329003,,t
4527120996,7720927932,,t
4527120996,8167153089,t,
4527120996,8386416265,,t
4527120996,8996142866,t,
4527120996,9228894591,,t
4527120996,9529568076,t,
4527120996,9560890341,t,t
4527120996,9861534240,,t
4586825341,4798953869,t,
4586825341,4908371100,t,t
4586825341,5246789898,t,t
4586825341,5304257169,t,t
4586825341,5357292814,t,t
4586825341,6507362291,t,t
4586825341,6653016792,,t
4586825341,6671210440,,t
4586825341,6856263657,t,
4586825341,7311208909,t,t
4586825341,7453356406,t,t
4586825341,8167153089,t,
4586825341,8313998834,t,t
4586825341,8482451416,,t
4586825341,8758143514,t,
4586825341,8762079184,t,t
4586825341,9252234072,t,t
4652266479,4700272551,,t
4652266479,4886494341,,t
4652266479,5063366399,t,t
4652266479,5524889860,,t
4652266479,5580242723,t,
4652266479,5787127099,t,t
4652266479,6180718799,t,t
4652266479,6575514279,t,t
4652266479,6779594069,t,
4652266479,7036133103,t,t
4652266479,7602706757,t,
4652266479,7699641828,,t
4652266479,7818575811,,t
4652266479,8497548462,t,t
4652266479,8551579893,,t
4652266479,8656039432,t,t
4652266479,9112240300,t,
4652266479,9483857787,t,
4652266479,9613349645,t,t
4652266479,9905060844,t,t
4681769557,4910783635,t,t
4681769557,5206622041,t,
4681769557,5721010288,t,
4681769557,6294571017,t,
4681769557,6504753297,t,t
4681769557,6853322572,t,
4681769557,7658398632,t,
4681769557,7661274914,,t
4681769557,7879808294,,t
4681769557,7925135008,t,t
4681769557,7953459656,,t
4681769557,8820499738,t,
4681769557,8842257403,,t
4681769557,8972885569,t,t
4681769557,9772664627,t,t
4681769557,9910335967,t,t
4690605031,5057255746,t,t
4690605031,5206622041,t,t
4690605031,5580242723,t,t
4690605031,5721010288,,t
4690605031,6504753297,t,
4690605031,7267634776,t,t
4690605031,7661274914,,t
4690605031,7879808294,,t
4690605031,7953459656,t,
4690605031,9286540824,,t
4690605031,9806478068,,t
4690605031,9910335967,,t
4700272551,4798953869,t,
4700272551,5003652426,t,t
4700272551,5222043674,,t
4700272551,5344040621,,t
4700272551,5879367460,t,
4700272551,5968697718,,t
4700272551,5992328952,t,t
4700272551,6868750846,t,
4700272551,6888329003,,t
4700272551,7154869206,,t
4700272551,7720927932,t,t
4700272551,8313998834,t,
4700272551,8780072262,,t
4700272551,8884127740,t,t
4700272551,8996142866,t,t
4700272551,9529568076,t,
4700272551,9745547309,t,
4700272551,9861534240,t,
4772548869,5063366399,,t
4772548869,5580242723,t,t
4772548869,5787127099,t,
4772548869,5825980980,,t
4772548869,6180718799,t,t
4772548869,6575514279,t,
4772548869,7036133103,t,t
4772548869,7049908306,t,
4772548869,7254923054,t,t
4772548869,7879808294,,t
4772548869,7925135008,t,
4772548869,8551579893,,t
4772548869,8605042518,,t
4772548869,8656039432,t,t
4772548869,8842257403,,t
4772548869,8882938211,t,t
4772548869,9286540824,t,
4772548869,9551062514,,t
4772548869,9613349645,t,t
4772548869,9905060844,t,t
4798953869,4910783635,t,t
4798953869,5206622041,,t
4798953869,5825980980,t,t
4798953869,6504753297,t,
4798953869,6795259652,t,t
4798953869,6853322572,t,
4798953869,7267634776,t,
4798953869,7602706757,t,
4798953869,7658398632,,t
4798953869,7879808294,t,
4798953869,7925135008,t,t
4798953869,7953459656,t,t
4798953869,8842257403,,t
4798953869,8972885569,t,t
4798953869,9112240300,,t
4798953869,9321617418,,t
4798953869,9551062514,t,t
4798953869,9772664627,t,t
4798953869,9806478068,,t
4798953869,9840422477,,t
4798953869,9910335967,,t
4886494341,5003652426,t,
4886494341,5018726924,,t
4886494341,5222043674,,t
4886494341,5344040621,t,t
4886494341,5992328952,,t
4886494341,6072640939,t,
4886494341,6770194777,t,t
4886494341,6868750846,t,
4886494341,6888329003,t,t
4886494341,7720927932,t,
4886494341,8758143514,,t
4886494341,8884127740,,t
4886494341,8996142866,t,t
4886494341,9391243913,t,
4886494341,9461782214,,t
4886494341,9560890341,,t
4886494341,9745547309,t,t
4908371100,4910783635,,t
4908371100,5108077127,,t
4908371100,5524889860,t,t
4908371100,5825980980,t,
4908371100,5892416132,t,t
4908371100,6795259652,t,t
4908371100,6853322572,t,t
4908371100,7254923054,,t
4908371100,7699641828,,t
4908371100,7745756821,,t
4908371100,7879808294,t,
4908371100,7953459656,t,
4908371100,8759460433,t,
4908371100,8842257403,t,t
4908371100,9320562541,t,t
4908371100,9551062514,,t
4910783635,5222043674,t,
4910783635,5246789898,,t
4910783635,5304257169,,t
4910783635,5357292814,,t
4910783635,5413382166,t,t
4910783635,5561061160,,t
4910783635,6507362291,t,
4910783635,6671210440,t,
4910783635,6856263657,t,t
4910783635,7311208909,t,t
4910783635,7453356406,t,
4910783635,7855514936,t,t
4910783635,8167153089,t,
4910783635,8762079184,,t
4910783635,9461782214,,t
5003652426,5468973587,,t
5003652426,5580242723,t,
5003652426,5787127099,t,t
5003652426,6291767438,,t
5003652426,7049908306,t,t
5003652426,7254923054,t,t
5003652426,7699641828,t,
5003652426,7818575811,t,t
5003652426,7826465361,,t
5003652426,7879808294,t,
5003652426,7995028405,,t
5003652426,8656039432,t,
5003652426,8882938211,t,
5003652426,9483857787,t,
5003652426,9905060844,t,
5014671470,5108077127,t,
5014671470,5524889860,,t
5014671470,5787127099,,t
5014671470,5825980980,t,t
5014671470,5892416132,t,t
5014671470,6198694685,t,
5014671470,6294571017,t,
5014671470,6779594069,t,
5014671470,6795259652,t,t
5014671470,6853322572,t,t
5014671470,7661274914,,t
5014671470,7745756821,,t
5014671470,7879808294,,t
5014671470,7953459656,,t
5014671470,8656039432,,t
5014671470,8842257403,t,
5014671470,9286540824,t,
5014671470,9551062514,,t
5014671470,9677005232,,t
5014671470,9806478068,,t
5018726924,5143094305,t,
5018726924,5524889860,t,
5018726924,5721010288,t,
5018726924,5892416132,t,
5018726924,6198694685,t,t
5018726924,6294571017,t,t
5018726924,7049908306,t,
5018726924,7196908792,t,
5018726924,7658398632,,t
5018726924,7661274914,,t
5018726924,7818575811,t,t
5018726924,7879808294,t,
5018726924,8497548462,,t
5018726924,8755254355,t,t
5018726924,8759460433,t,t
5018726924,8842257403,t,
5018726924,9112240300,t,t
5018726924,9286540824,t,t
5018726924,9320562541,t,
5018726924,9772664627,t,
5057255746,5561061160,t,t
5057255746,6397162252,,t
5057255746,7424682124,t,t
5057255746,7855514936,t,t
5057255746,8482451416,t,t
5057255746,9252234072,,t
5063366399,5222043674,t,
5063366399,5879367460,t,t
5063366399,5968697718,,t
5063366399,7154869206,t,t
5063366399,7720927932,t,
5063366399,8167153089,,t
5063366399,8366915835,,t
5063366399,8518020977,,t
5063366399,8904974567,,t
5063366399,9461782214,t,t
5063366399,9529568076,t,t
5063366399,9949086130,t,t
5063366399,9977096656,t,t
5108077127,5246789898,t,t
5108077127,5304257169,t,t
5108077127,5357292814,t,t
5108077127,6397162252,t,t
5108077127,7311208909,t,t
5108077127,7453356406,t,
5108077127,8022999071,,t
5108077127,8482451416,t,t
5108077127,8762079184,,t
5108077127,9252234072,t,t
5143094305,5344040621,t,
5143094305,5738787761,,t
5143094305,5752244730,,t
5143094305,5824901229,t,
5143094305,5879367460,t,t
5143094305,6770194777,,t
5143094305,6868750846,,t
5143094305,8386416265,t,
5143094305,8518020977,,t
5143094305,8762079184,,t
5143094305,8996142866,t,t
5143094305,9228894591,,t
5206102991,6100407983,,t
5206102991,6664020485,,t
5206102991,7826465361,t,t
5206102991,7971971423,t,
5206102991,7995028405,t,t
5206102991,8551579893,,t
5206102991,8605042518,t,t
5206102991,8820499738,t,t
5206102991,9112240300,t,
5206102991,9677005232,,t
5206102991,9905060844,,t
5206622041,5413382166,t,
5206622041,5561061160,t,t
5206622041,5968697718,,t
5206622041,6397162252,,t
5206622041,6671210440,,t
5206622041,6856263657,t,
5206622041,7311208909,,t
5206622041,7424682124,,t
5206622041,7453356406,,t
5206622041,7855514936,t,
5206622041,8482451416,t,t
5206622041,8758143514,,t
5206622041,9252234072,t,
5222043674,5468973587,,t
5222043674,5580242723,t,t
5222043674,5787127099,t,t
5222043674,5892416132,,t
5222043674,6180718799,,t
5222043674,6291767438,t,
5222043674,6294571017,,t
5222043674,6575514279,t,t
5222043674,6779594069,t,
5222043674,7036133103,,t
5222043674,7254923054,t,t
5222043674,7602706757,t,t
5222043674,7699641828,,t
5222043674,7745756821,t,
5222043674,7818575811,t,
5222043674,8497548462,,t
5222043674,8656039432,,t
5222043674,8755254355,,t
5222043674,8882938211,t,t
5222043674,8972885569,,t
5222043674,9112240300,t,
5222043674,9551062514,t,
5222043674,9613349645,t,t
5222043674,9677005232,t,
5222043674,9806478068,t,
5222043674,9905060844,t,
5246789898,5580242723,,t
5246789898,5721010288,t,
5246789898,5787127099,t,
5246789898,5825980980,t,
5246789898,6779594069,,t
5246789898,6795259652,,t
5246789898,6853322572,t,t
5246789898,7699641828,,t
5246789898,7745756821,,t
5246789898,7879808294,t,
5246789898,7953459656,t,t
5246789898,8759460433,t,
5246789898,8842257403,t,t
5246789898,8882938211,t,
5246789898,8972885569,t,t
5246789898,9551062514,t,t
5246789898,9772664627,,t
5304257169,5721010288,t,
5304257169,5825980980,t,
5304257169,5892416132,t,
5304257169,6294571017,t,
5304257169,6504753297,,t
5304257169,6795259652,t,t
5304257169,6853322572,t,
5304257169,7036133103,t,
5304257169,7658398632,t,t
5304257169,7879808294,t,
5304257169,7953459656,,t
5304257169,8842257403,,t
5304257169,8882938211,t,
5304257169,8972885569,t,
5304257169,9483857787,t,
5304257169,9551062514,t,t
5304257169,9772664627,t,
5344040621,5468973587,t,
5344040621,6100407983,,t
5344040621,6291767438,,t
5344040621,7826465361,t,t
5344040621,7971971423,,t
5344040621,8820499738,t,t
5344040621,9677005232,t,t
5357292814,5721010288,,t
5357292814,5825980980,t,t
5357292814,6294571017,,t
5357292814,6795259652,t,t
5357292814,6853322572,,t
5357292814,7049908306,,t
5357292814,7879808294,,t
5357292814,7925135008,,t
5357292814,7953459656,t,
5357292814,7995028405,,t
5357292814,8755254355,t,
5357292814,8842257403,t,t
5357292814,9320562541,t,
5357292814,9551062514,t,t
5357292814,9613349645,,t
5357292814,9772664627,,t
5357292814,9806478068,,t
5357292814,9905060844,,t
5357292814,9910335967,t,
5413382166,6294571017,t,t
5413382166,6575514279,t,
5413382166,6853322572,t,
5413382166,7196908792,,t
5413382166,7661274914,t,t
5413382166,7745756821,,t
5413382166,9286540824,,t
5413382166,9320562541,,t
5413382166,9772664627,,t
5468973587,5824901229,,t
5468973587,6072640939,t,t
5468973587,6653016792,t,
5468973587,6671210440,,t
5468973587,6770194777,t,t
5468973587,6868750846,,t
5468973587,6888329003,t,t
5468973587,8780072262,t,
5468973587,8884127740,t,t
5468973587,9529568076,,t
5468973587,9560890341,,t
5524889860,6397162252,t,t
5524889860,6507362291,t,t
5524889860,6671210440,t,t
5524889860,7453356406,t,
5524889860,8022999071,t,
5524889860,8313998834,,t
5524889860,8758143514,,t
5524889860,8762079184,t,t
5524889860,8904974567,t,
5524889860,8996142866,t,
5524889860,9252234072,t,t
5561061160,5721010288,t,t
5561061160,6504753297,t,t
5561061160,6795259652,,t
5561061160,7267634776,t,t
5561061160,7658398632,t,
5561061160,7953459656,,t
5561061160,8972885569,t,
5561061160,9910335967,,t
5580242723,5738787761,t,
5580242723,5992328952,t,t
5580242723,6636378270,,t
5580242723,8518020977,,t
5580242723,8780072262,t,
5580242723,8884127740,t,t
5580242723,8996142866,,t
5580242723,9861534240,,t
5580242723,9949086130,t,
5721010288,6397162252,t,t
5721010288,6653016792,,t
5721010288,6856263657,t,
5721010288,7424682124,t,t
5721010288,7855514936,t,t
5721010288,8313998834,t,
5721010288,8482451416,t,
5721010288,8904974567,,t
5738787761,6198694685,t,
5738787761,6291767438,t,
5738787761,6664020485,,t
5738787761,7658398632,,t
5738787761,7826465361,,t
5738787761,7971971423,,t
5738787761,7995028405,,t
5738787761,8820499738,,t
5738787761,9677005232,,t
5752244730,6100407983,t,t
5752244730,7196908792,,t
5752244730,7267634776,t,
5752244730,7602706757,t,
5752244730,7826465361,t,
5752244730,7971971423,t,t
5752244730,7995028405,t,t
5752244730,8605042518,,t
5752244730,8842257403,t,
5752244730,9483857787,t,
5787127099,5968697718,t,
5787127099,5992328952,t,t
5787127099,6868750846,t,t
5787127099,6888329003,,t
5787127099,7154869206,t,
5787127099,7720927932,t,t
5787127099,8366915835,t,
5787127099,8518020977,t,t
5787127099,8780072262,,t
5787127099,8884127740,,t
5787127099,8904974567,t,
5787127099,8996142866,t,t
5787127099,9461782214,t,t
5787127099,9529568076,,t
5787127099,9560890341,,t
5787127099,9693281616,,t
5787127099,9745547309,,t
5824901229,6100407983,t,t
5824901229,6291767438,t,
5824901229,6575514279,,t
5824901229,7602706757,,t
5824901229,7826465361,t,
5824901229,7971971423,,t
5824901229,7995028405,t,t
5824901229,8551579893,,t
5824901229,9321617418,,t
5825980980,5968697718,t,
5825980980,6653016792,,t
5825980980,6856263657,t,t
5825980980,7855514936,,t
5825980980,8482451416,t,
5825980980,8904974567,t,
5825980980,9252234072,t,t
5879367460,6180718799,t,
5879367460,7036133103,t,t
5879367460,7196908792,t,
5879367460,7602706757,t,
5879367460,7745756821,t,t
5879367460,8497548462,t,t
5879367460,8551579893,t,t
5879367460,8656039432,t,
5879367460,8755254355,t,t
5879367460,8759460433,,t
5879367460,9286540824,t,t
5879367460,9840422477,t,
5879367460,9905060844,t,
5892416132,6397162252,t,t
5892416132,6507362291,t,t
5892416132,6653016792,,t
5892416132,6671210440,t,
5892416132,6856263657,,t
5892416132,7311208909,,t
5892416132,7453356406,t,
5892416132,8022999071,t,t
5892416132,8313998834,,t
5892416132,8482451416,t,
5892416132,8758143514,t,t
5892416132,8762079184,t,t
5892416132,8904974567,t,
5968697718,6180718799,t,t
5968697718,6198694685,t,
5968697718,6504753297,,t
5968697718,6575514279,t,
5968697718,6664020485,,t
5968697718,6779594069,t,
5968697718,6795259652,t,
5968697718,7036133103,t,t
5968697718,7049908306,t,
5968697718,7196908792,t,
5968697718,7254923054,,t
5968697718,7602706757,t,t
5968697718,7879808294,t,
5968697718,8497548462,t,
5968697718,8656039432,t,
5968697718,9112240300,t,
5968697718,9286540824,,t
5968697718,9613349645,t,t
5968697718,9905060844,t,t
5992328952,6180718799,,t
5992328952,6291767438,t,
5992328952,6575514279,,t
5992328952,6664020485,t,
5992328952,6779594069,t,t
5992328952,7036133103,t,t
5992328952,7049908306,t,t
5992328952,7254923054,,t
5992328952,7602706757,t,
5992328952,7699641828,t,t
5992328952,7818575811,t,
5992328952,9483857787,t,t
5992328952,9613349645,t,
5992328952,9840422477,,t
5992328952,9905060844,t,
6072640939,6100407983,t,t
6072640939,6575514279,t,
6072640939,6664020485,t,
6072640939,7826465361,t,
6072640939,7879808294,t,
6072640939,7995028405,,t
6072640939,8820499738,t,t
6072640939,9321617418,t,
6072640939,9483857787,t,
6072640939,9677005232,t,t
6072640939,9840422477,,t
6100407983,6636378270,t,t
6100407983,6888329003,t,
6100407983,8167153089,t,t
6100407983,8386416265,t,
6100407983,9228894591,t,
6100407983,9391243913,t,t
6100407983,9560890341,t,t
6100407983,9745547309,,t
6100407983,9861534240,t,
6100407983,9949086130,t,
6180718799,6856263657,t,
6180718799,7154869206,t,
6180718799,8518020977,,t
6180718799,8758143514,,t
6180718799,9461782214,t,
6180718799,9693281616,t,
6180718799,9977096656,t,
6198694685,6653016792,t,
6198694685,6868750846,t,
6198694685,7326316514,t,t
6198694685,8022999071,,t
6198694685,8167153089,t,
6198694685,8313998834,,t
6198694685,8366915835,t,t
6198694685,8758143514,,t
6198694685,8904974567,t,
6198694685,9693281616,t,
6291767438,6507362291,t,
6291767438,6770194777,t,t
6291767438,6868750846,,t
6291767438,6888329003,t,t
6291767438,7720927932,,t
6291767438,8518020977,t,
6291767438,8780072262,,t
6291767438,9228894591,,t
6291767438,9560890341,t,
6291767438,9745547309,t,t
6294571017,6397162252,t,t
6294571017,6653016792,t,
6294571017,6671210440,t,
6294571017,7154869206,,t
6294571017,7424682124,t,
6294571017,7453356406,t,
6294571017,8022999071,,t
6294571017,8366915835,t,
6294571017,8758143514,t,t
6294571017,9693281616,,t
6294571017,9861534240,,t
6397162252,6853322572,t,t
6397162252,7661274914,t,t
6397162252,7818575811,t,
6397162252,7953459656,,t
6397162252,8497548462,t,
6397162252,8759460433,t,
6397162252,8842257403,t,t
6397162252,8972885569,t,
6397162252,9286540824,,t
6397162252,9320562541,t,t
6397162252,9772664627,t,
6397162252,9905060844,t,
6504753297,6653016792,,t
6504753297,6856263657,t,t
6504753297,7424682124,t,
6504753297,7855514936,t,t
6504753297,8482451416,t,t
6507362291,6853322572,,t
6507362291,7661274914,t,
6507362291,7745756821,t,
6507362291,7925135008,,t
6507362291,8759460433,,t
6507362291,8842257403,,t
6507362291,9286540824,,t
6507362291,9320562541,t,t
6507362291,9551062514,,t
6507362291,9772664627,t,t
6575514279,6636378270,t,
6575514279,6653016792,t,
6575514279,6770194777,,t
6575514279,6868750846,t,t
6575514279,7326316514,t,
6575514279,7720927932,,t
6575514279,8518020977,t,t
6575514279,8780072262,t,
6575514279,9529568076,,t
6575514279,9745547309,t,
6575514279,9949086130,t,
6636378270,6664020485,t,t
6636378270,6779594069,,t
6636378270,7036133103,t,
6636378270,7826465361,t,t
6636378270,7971971423,,t
6636378270,7995028405,,t
6636378270,8605042518,t,t
6636378270,9321617418,,t
6636378270,9483857787,,t
6636378270,9613349645,t,
6636378270,9677005232,t,t
6653016792,6664020485,t,
6653016792,7196908792,t,t
6653016792,7661274914,t,
6653016792,7745756821,t,t
6653016792,7818575811,t,t
6653016792,7971971423,t,
6653016792,8497548462,,t
6653016792,8656039432,t,
6653016792,8755254355,,t
6653016792,8842257403,,t
6653016792,8882938211,t,
6653016792,8972885569,,t
6653016792,9112240300,t,t
6653016792,9286540824,t,
6653016792,9613349645,t,
6653016792,9677005232,,t
6653016792,9772664627,,t
6653016792,9905060844,,t
6664020485,6770194777,t,t
6664020485,6868750846,t,
6664020485,6888329003,t,t
6664020485,7154869206,,t
6664020485,7326316514,t,
6664020485,7720927932,,t
6664020485,8386416265,,t
6664020485,8758143514,t,
6664020485,8762079184,,t
6664020485,8996142866,t,
6664020485,9529568076,,t
6664020485,9745547309,,t
6671210440,6795259652,t,
6671210440,6853322572,t,
6671210440,7036133103,t,
6671210440,7658398632,t,t
6671210440,7661274914,t,t
6671210440,7745756821,t,
6671210440,7818575811,t,t
6671210440,7879808294,,t
6671210440,7925135008,t,
6671210440,8755254355,,t
6671210440,8759460433,t,t
6671210440,8842257403,,t
6770194777,7049908306,t,
6770194777,8842257403,t,
6770194777,8882938211,t,
6770194777,9551062514,,t
6770194777,9677005232,t,
6770194777,9840422477,t,t
6770194777,9910335967,,t
6779594069,7453356406,t,
6779594069,7720927932,t,
6779594069,8780072262,t,t
6779594069,8884127740,t,
6779594069,8996142866,t,t
6779594069,9461782214,t,
6779594069,9529568076,,t
6779594069,9693281616,,t
6795259652,6856263657,t,t
6795259652,7311208909,t,
6795259652,7424682124,,t
6795259652,7453356406,t,t
6795259652,7855514936,,t
6795259652,8313998834,t,t
6795259652,9949086130,,t
6853322572,6888329003,,t
6853322572,7311208909,t,t
6853322572,7453356406,t,t
6853322572,7855514936,,t
6853322572,8022999071,t,
6853322572,8167153089,t,
6853322572,8313998834,t,
6853322572,8762079184,t,t
6853322572,8884127740,t,
6853322572,8904974567,,t
6853322572,9252234072,,t
6856263657,7602706757,t,
6856263657,7658398632,,t
6856263657,7661274914,t,
6856263657,7879808294,t,
6856263657,7925135008,t,t
6856263657,7953459656,t,t
6856263657,8755254355,,t
6856263657,8972885569,,t
6856263657,9320562541,t,
6856263657,9551062514,t,t
6856263657,9772664627,t,
6856263657,9806478068,t,
6856263657,9910335967,t,
6868750846,7036133103,,t
6868750846,7254923054,t,t
6868750846,7602706757,,t
6868750846,7826465361,,t
6868750846,8972885569,,t
6868750846,9286540824,t,
6868750846,9483857787,t,
6868750846,9677005232,,t
6868750846,9840422477,t,
6888329003,7254923054,t,t
6888329003,7658398632,,t
6888329003,7661274914,t,
6888329003,7745756821,t,
6888329003,7826465361,t,
6888329003,8820499738,,t
6888329003,9321617418,t,
6888329003,9483857787,t,t
6888329003,9840422477,t,t
7036133103,7154869206,t,
7036133103,7326316514,,t
7036133103,8518020977,t,t
7036133103,8780072262,t,t
7036133103,8884127740,t,
7036133103,9252234072,,t
7036133103,9745547309,,t
7049908306,7311208909,t,
7049908306,7453356406,t,
7049908306,7720927932,t,
7049908306,8022999071,t,
7049908306,8780072262,t,t
7049908306,8884127740,,t
7049908306,8996142866,t,t
7049908306,9461782214,,t
7154869206,7254923054,t,
7154869206,7602706757,t,t
7154869206,7699641828,,t
7154869206,8497548462,,t
7154869206,8551579893,t,t
7154869206,8656039432,t,t
7154869206,8755254355,t,
7154869206,9112240300,,t
7154869206,9321617418,,t
7154869206,9483857787,,t
7154869206,9613349645,,t
7154869206,9840422477,t,
7154869206,9905060844,t,t
7196908792,7326316514,t,t
7196908792,7453356406,t,t
7196908792,8022999071,t,t
7196908792,8366915835,t,t
7196908792,9461782214,t,
7196908792,9529568076,t,t
7196908792,9693281616,t,t
7196908792,9949086130,t,t
7196908792,9977096656,t,t
7254923054,7326316514,t,
7254923054,7720927932,t,t
7254923054,8167153089,,t
7254923054,8758143514,t,t
7254923054,8762079184,,t
7254923054,8780072262,t,t
7254923054,8884127740,t,t
7254923054,8996142866,t,t
7254923054,9228894591,,t
7254923054,9461782214,,t
7254923054,9560890341,,t
7254923054,9745547309,t,t
7267634776,7326316514,,t
7267634776,7424682124,,t
7267634776,7453356406,t,
7267634776,7855514936,t,t
7267634776,8482451416,t,t
7267634776,9529568076,,t
7267634776,9745547309,,t
7311208909,7661274914,t,
7311208909,7699641828,t,
7311208909,7879808294,t,
7311208909,7953459656,t,t
7311208909,8759460433,t,
7311208909,8842257403,,t
7311208909,8972885569,t,t
7311208909,9320562541,,t
7311208909,9551062514,t,t
7311208909,9772664627,t,t
7311208909,9806478068,,t
7326316514,7602706757,,t
7326316514,7699641828,t,t
7326316514,7818575811,,t
7326316514,8497548462,t,t
7326316514,8656039432,t,t
7326316514,8759460433,t,
7326316514,9112240300,t,t
7326316514,9286540824,t,t
7326316514,9613349645,t,
7326316514,9677005232,,t
7424682124,7879808294,,t
7424682124,8755254355,t,
7424682124,8972885569,,t
7424682124,9551062514,t,
7424682124,9910335967,t,
7453356406,7818575811,,t
7453356406,7879808294,,t
7453356406,7953459656,t,
7453356406,8759460433,,t
7453356406,8842257403,t,t
7453356406,9112240300,,t
7453356406,9551062514,t,
7453356406,9772664627,t,t
7602706757,7720927932,,t
7602706757,8780072262,t,
7602706757,8996142866,t,
7602706757,9693281616,,t
7658398632,7855514936,,t
7658398632,8022999071,t,t
7658398632,8313998834,,t
7658398632,8762079184,t,
7661274914,8022999071,t,t
7661274914,8366915835,,t
7661274914,8518020977,,t
7661274914,8758143514,t,t
7661274914,8762079184,t,
7661274914,9693281616,t,
7699641828,8884127740,,t
7699641828,8996142866,,t
7699641828,9252234072,,t
7699641828,9529568076,,t
7699641828,9693281616,t,
7699641828,9949086130,,t
7720927932,7826465361,t,t
7720927932,7953459656,,t
7720927932,8605042518,t,
7720927932,8755254355,t,
7720927932,9483857787,t,
7720927932,9613349645,t,t
7720927932,9840422477,,t
7720927932,9910335967,,t
7745756821,8758143514,t,
7745756821,8904974567,t,
7745756821,8996142866,,t
7745756821,9461782214,,t
7745756821,9529568076,,t
7745756821,9693281616,t,t
7745756821,9949086130,t,t
7745756821,9977096656,,t
7818575811,8366915835,t,t
7818575811,8518020977,t,
7818575811,8758143514,,t
7818575811,8762079184,t,
7818575811,9693281616,t,t
7818575811,9977096656,,t
7826465361,8167153089,t,t
7826465361,9228894591,,t
7826465361,9391243913,t,t
7826465361,9560890341,t,t
7826465361,9745547309,t,
7855514936,7879808294,t,t
7855514936,7925135008,t,t
7855514936,8972885569,,t
7855514936,9772664627,,t
7855514936,9806478068,t,t
7855514936,9910335967,,t
7879808294,8022999071,,t
7879808294,8313998834,t,t
7879808294,8482451416,,t
7879808294,8758143514,,t
7879808294,8762079184,,t
7925135008,8313998834,,t
7925135008,8762079184,t,
7925135008,8884127740,,t
7925135008,9228894591,t,
7925135008,9252234072,,t
7925135008,9949086130,t,
7953459656,8022999071,,t
7953459656,8313998834,t,
7953459656,9252234072,,t
7971971423,8386416265,t,t
7971971423,8884127740,t,
7971971423,9228894591,t,t
7971971423,9861534240,t,t
7995028405,8167153089,t,t
7995028405,8996142866,t,
7995028405,9228894591,t,t
7995028405,9560890341,t,
7995028405,9861534240,t,t
8022999071,8497548462,t,t
8022999071,8755254355,,t
8022999071,8759460433,t,t
8022999071,8842257403,t,t
8022999071,9286540824,t,t
8022999071,9320562541,t,
8022999071,9613349645,t,
8167153089,8605042518,t,t
8167153089,8820499738,,t
8167153089,9112240300,,t
8167153089,9483857787,t,
8313998834,8842257403,,t
8313998834,9112240300,t,t
8313998834,9286540824,,t
8313998834,9320562541,t,
8313998834,9551062514,t,t
8313998834,9806478068,,t
8366915835,8755254355,t,t
8366915835,8820499738,,t
8366915835,8882938211,,t
8366915835,9286540824,t,t
8366915835,9772664627,t,t
8366915835,9806478068,t,
8366915835,9905060844,,t
8386416265,8605042518,,t
8386416265,8820499738,t,
8386416265,8972885569,,t
8386416265,9321617418,t,
8482451416,8972885569,t,
8482451416,9551062514,t,
8482451416,9910335967,t,t
8497548462,8518020977,,t
8497548462,8758143514,t,
8497548462,8904974567,t,
8497548462,9252234072,,t
8497548462,9461782214,t,t
8497548462,9529568076,,t
8497548462,9560890341,t,t
8497548462,9693281616,t,t
8497548462,9949086130,,t
8497548462,9977096656,t,t
8518020977,8551579893,t,t
8518020977,8605042518,t,
8518020977,8656039432,,t
8518020977,9286540824,t,
8518020977,9320562541,t,
8518020977,9321617418,,t
8518020977,9551062514,,t
8518020977,9613349645,t,t
8518020977,9677005232,t,
8518020977,9806478068,,t
8518020977,9905060844,t,t
8551579893,8780072262,t,
8551579893,8904974567,t,
8551579893,9461782214,,t
8551579893,9949086130,,t
8605042518,9391243913,,t
8605042518,9560890341,t,
8605042518,9745547309,t,
8605042518,9861534240,,t
8656039432,8762079184,t,
8656039432,8884127740,,t
8656039432,8904974567,t,t
8656039432,9461782214,t,t
8656039432,9529568076,t,t
8656039432,9693281616,,t
8656039432,9949086130,,t
8755254355,8758143514,t,
8755254355,9461782214,t,
8755254355,9693281616,t,t
8755254355,9949086130,t,
8755254355,9977096656,t,t
8758143514,8759460433,t,t
8758143514,8842257403,t,
8758143514,9286540824,t,t
8758143514,9320562541,t,t
8758143514,9905060844,t,t
8759460433,9693281616,t,
8762079184,8842257403,,t
8762079184,9286540824,,t
8762079184,9551062514,t,
8762079184,9772664627,t,t
8780072262,9112240300,t,
8780072262,9321617418,t,
8780072262,9483857787,t,t
8780072262,9677005232,,t
8780072262,9905060844,,t
8820499738,8884127740,,t
8820499738,9228894591,,t
8820499738,9391243913,,t
8820499738,9560890341,t,
8842257403,8904974567,t,
8842257403,8996142866,t,
8842257403,9252234072,t,
8842257403,9461782214,t,
8882938211,8884127740,t,
8882938211,8996142866,,t
8882938211,9529568076,t,
8882938211,9693281616,t,
8882938211,9949086130,,t
8884127740,9483857787,t,
8884127740,9613349645,t,
8904974567,9112240300,,t
8904974567,9286540824,,t
8904974567,9772664627,,t
8904974567,9905060844,t,
8972885569,9252234072,,t
8972885569,9949086130,t,
8996142866,9613349645,t,
8996142866,9677005232,,t
8996142866,9840422477,t,
8996142866,9905060844,t,t
9112240300,9461782214,,t
9112240300,9529568076,t,t
9112240300,9560890341,,t
9112240300,9693281616,t,t
9112240300,9949086130,t,t
9112240300,9977096656,t,t
9228894591,9905060844,t,
9228894591,9910335967,t,
9252234072,9320562541,,t
9252234072,9551062514,t,
9252234072,9613349645,,t
9252234072,9772664627,,t
9252234072,9910335967,,t
9286540824,9461782214,t,
9286540824,9693281616,t,
9286540824,9977096656,,t
9321617418,9391243913,,t
9321617418,9560890341,t,t
9321617418,9745547309,t,
9391243913,9483857787,,t
9391243913,9551062514,,t
9391243913,9613349645,t,
9391243913,9677005232,t,t
9461782214,9613349645,,t
9461782214,9772664627,t,
9461782214,9905060844,t,t
9483857787,9560890341,t,
9483857787,9745547309,t,t
9483857787,9977096656,,t
9529568076,9613349645,,t
9529568076,9905060844,,t
9560890341,9677005232,t,t
9560890341,9840422477,t,
9693281616,9905060844,t,
9745547309,9905060844,,t
9772664627,9977096656,,t
9840422477,9949086130,,t
9905060844,9949086130,t,t
9910335967,9949086130,t,
