user_id,username,name,is_male,age,location
1369549308,crazyleopard920,Obren,t,64,0101000020E6100000AEE52D0AFBC942408646D51817DB4B40
4936774336,goldensnake828,Ronny,t,92,0101000020E610000016FAA5475BD042403EA30E1414E84B40
2626802877,happybird427,Carla,f,36,0101000020E6100000CE036DF488D8424093CFF1718AED4B40
7621332780,bluebird198,Katrina,f,96,0101000020E61000005931E84C98CE42409E55D89B2AED4B40
9260406384,whiteleopard740,Umut,t,43,0101000020E61000007D56D5F550C6424032D712AB6CDD4B40
9280371169,redkoala487,Harrison,t,72,0101000020E61000002978D251FCD54240A6C4DF1409E44B40
7403234810,sadmouse665,Everett,t,82,0101000020E6100000D4C3B4535FD84240EE82971108F84B40
3093948027,greentiger573,Salsabil,f,53,0101000020E61000001D8F685F1ECE42408C360E491AF54B40
7616235328,heavymeercat922,Astrid,f,63,0101000020E6100000324EB91C2DC0424098ECB8EF57E74B40
4469036397,brownmouse291,سارا,f,34,0101000020E61000002EF99B78A5D7424043DA781FC2FF4B40
8030907648,angrymeercat570,Jakko,t,21,0101000020E6100000E30A9AA2EBD34240273AF9C84AEA4B40
5093472206,crazykoala718,Marinette,f,45,0101000020E6100000293A502783C742403DD95D8C58EB4B40
3330024028,yellowswan787,Aatu,t,47,0101000020E61000006342C9BD11CF4240E83BB90076FB4B40
2281765150,whitefish415,Carina,f,61,0101000020E610000096C7F41788C0424023F8BA93B7DC4B40
2259132307,silverleopard519,Éric,t,46,0101000020E6100000AD32EB48CBD54240FAC5E07A5DDC4B40
1388985119,sadleopard931,Isabella,f,52,0101000020E610000023AE900B15C94240F234BAE226FA4B40
1263007192,organicbear256,Mechislava,f,50,0101000020E6100000A6772DA10AD34240BA4A5B06BDE54B40
9882932850,beautifulkoala581,Alicia,f,57,0101000020E6100000E1782AC900C042407833C8E1A8E14B40
9650408206,sadswan875,Alison,f,81,0101000020E6100000700B0105C1D842402F8FDFC91DFA4B40
5071181711,bigfrog183,Florencia,f,87,0101000020E6100000631B2D1189D34240B5B80E9867F04B40
4681786413,tinydog238,Vivdya,f,68,0101000020E6100000DEAE396F96C14240505E41A95EE14B40
7213524247,whitekoala812,Sofia,f,94,0101000020E6100000E990545863D8424080BFA290B5F64B40
6146960085,purplegorilla525,Gordana,f,87,0101000020E61000006764F85060D44240A94F71BB02EA4B40
7093590506,bigswan350,Dragomir,t,41,0101000020E61000002355AD57FBD1424072CB1D006FED4B40
6970910606,sadgorilla595,Jussara,f,59,0101000020E6100000B8FDD7D444C942405FA218C3E7FB4B40
8157897742,crazykoala779,Hanni,t,50,0101000020E61000004B9FF49799D6424027A034D9D7FD4B40
2872558100,redbear796,Jorge,t,66,0101000020E6100000DD8D47FDFBC142408E414A3ACCDE4B40
3642398996,purplefrog211,Alberto,t,35,0101000020E610000090A2155494CF424007AF4EA4B7DE4B40
4244621254,blueladybug673,Cathriona,f,44,0101000020E6100000D44456C20AC24240CBC64D74EEF74B40
8868098007,bluefish289,Vidar,t,89,0101000020E6100000656083FDA2C04240AA2807A15ADC4B40
8878519034,silverpeacock765,Noah,t,57,0101000020E61000001D8211D039D542408527667E53FB4B40
6005716433,lazyfrog282,Ondriy,t,73,0101000020E61000005C4477C341CF42403029BF8A0AED4B40
4057876490,blueladybug408,بهاره,f,67,0101000020E61000004491847012CA42405839401E24FB4B40
4282737898,yellowladybug894,Valdemar,t,56,0101000020E6100000FFFAC969FECB4240BEA85306E0DF4B40
2937336703,yellowbear139,Siddharth,t,35,0101000020E61000000DD55C4588D54240225EFD5FE6FD4B40
5808668224,ticklishduck327,حامد,t,17,0101000020E6100000DCC51C549DCD4240860255756DDB4B40
7244130409,whitegorilla273,Jaxon,t,52,0101000020E6100000CCC207F41DC64240C5CDCA8938E54B40
3629238939,beautifulleopard796,Valentin,t,65,0101000020E6100000A44757351CD24240F6BBFB6B6DF34B40
8927291458,yellowgorilla286,درسا,f,68,0101000020E61000004B24EF0F04C04240F56B3151BDDE4B40
5173575472,silversnake204,Ljubica,f,98,0101000020E61000009070AF3EABC042406259800AC2DD4B40
4982563399,redelephant321,Kenneth,t,28,0101000020E6100000115890E71BC04240E35DF35FFADD4B40
2295092171,sadzebra798,Mark,t,54,0101000020E6100000E5F1E60119CE4240EABE9BA0C6F94B40
6593689816,smalldog340,Juan,t,74,0101000020E6100000C771AD4CDAD8424015044317C3FE4B40
9532182905,yellowgorilla876,Nathan,t,15,0101000020E6100000CCF88274FCD24240F1F7E107A6FF4B40
1477294101,smalllion984,Gabe,t,84,0101000020E610000057FED31F42C542407B8ED72BB4DC4B40
8075513254,whitetiger963,Bobby,t,59,0101000020E610000031724AFBFCD1424054A9C5D99CF04B40
9910196736,yellowrabbit760,Thilo,t,80,0101000020E6100000435F4C22ACD1424066753D5A63F54B40
8913954593,organicrabbit600,Shahd,f,33,0101000020E61000001D4FA7E6E0CC424030A9B053B3E64B40
2548124444,happymouse718,Melina,f,44,0101000020E6100000973D83CA62D8424049838658C1E94B40
6003153741,ticklishswan157,Lana,f,83,0101000020E610000098E026D724CA4240D1504D9F29FF4B40
2985998846,crazymouse651,Vlatka,f,69,0101000020E610000078781CDFA1D4424028733CC0ABF14B40
7361679535,lazymouse878,Lienke,f,66,0101000020E61000003243D3BB9BD342408BEB0B5205FE4B40
1400481944,whitecat978,Marija,f,91,0101000020E6100000951506CCB9C6424084E6E6D143EA4B40
4577335855,crazymouse568,Sam,t,14,0101000020E61000004660EC1236C142409747080E17E44B40
9687721250,whitepeacock724,Harish,t,94,0101000020E6100000CABAC43636CD4240CD01FBBD89EF4B40
5304060038,organicfrog136,Begüm,f,41,0101000020E61000004BAA274C1CD542406A6AD68617E04B40
4727686681,blackfish469,Jeremy,t,25,0101000020E6100000FF00BEB040D8424070C21EFCF7F24B40
7858182002,happyrabbit979,Johan,t,90,0101000020E61000007677D8705FD64240FC4E8DC4F3E04B40
7988522015,blacktiger149,Dragoje,t,58,0101000020E6100000852D5927F9D84240A8E992FD81EC4B40
6767106805,tinymouse743,Susanne,f,28,0101000020E61000007EF131C595D9424026782DF820E64B40
2273970933,redleopard592,یسنا,f,19,0101000020E6100000B39FDD937DC74240E8BA18340BFC4B40
5107453279,smallzebra678,Isaí,t,34,0101000020E610000087B32B98C6C74240ACABE59EA3F04B40
8030079252,angryelephant217,دانیال,t,89,0101000020E6100000564F37F69EC0424016421A30F3F44B40
8023297802,silverbird350,Julio,t,79,0101000020E610000050588B0BE7D64240625D6E3DD2EC4B40
1177752456,crazyladybug160,Åsne,f,16,0101000020E6100000D611BAE5A1C542405422026A50F14B40
1236493036,smallfish297,Daniel,t,34,0101000020E6100000E70DD8364DC942402A28FF82F6DD4B40
8032151043,browngorilla796,Dylan,t,85,0101000020E610000034A43A2958C44240D967FBC0F5F44B40
5342461202,sadcat846,Dolores,f,61,0101000020E6100000528ACEFDFED14240B386AE4861FB4B40
6814441672,greenduck272,Ege,f,53,0101000020E610000012649D344AD342402CDA29B34DE54B40
7276991182,browngorilla790,Matilda,f,73,0101000020E61000000E6A653CCDC74240D7B7C2D376FA4B40
3344261962,silverfish364,Darrell,t,42,0101000020E61000001E63FD6B9BC642405AF867AAD3F54B40
4070108166,organicmeercat656,Abbie,f,74,0101000020E6100000EE54317006D14240F455426370DE4B40
8492091970,brownmeercat207,Kate,f,96,0101000020E61000004F0E941F31D642407343BFBACDF84B40
1004313255,beautifulfrog304,Dorian,t,24,0101000020E6100000B935149CDEC14240FE3F6C5912FB4B40
4448066543,brownpanda634,Bazhan,t,95,0101000020E61000009E2422DEFED24240C64199FC35F14B40
9655681941,tinyladybug325,Else,f,26,0101000020E6100000EF34C9D265C4424042D58C77B6ED4B40
9054199639,brownlion949,Louna,f,100,0101000020E6100000E09630DDA4D74240B4B88BF21EDF4B40
5415284367,lazylion570,Curtis,t,92,0101000020E61000003DBC099857D34240BB5BA224F0F94B40
9534896712,orangefrog960,Louisa,f,46,0101000020E6100000859C86EE20D54240B95F2EE0ABEC4B40
6425881586,happykoala419,Ella,f,70,0101000020E61000004857A41790C44240E678FE1E35E94B40
4223072503,greenpanda136,Suzanne,f,57,0101000020E61000002F4557F04CCC42407AE0C5960CFC4B40
1782397443,bluebird273,Emma,f,65,0101000020E61000001DA5E6A405D742409FB384C75CEC4B40
9040599665,happyfrog783,Uilian,t,88,0101000020E610000096DED436FCD44240A3D77D76A0E64B40
5221322684,crazywolf273,Leontina,f,86,0101000020E61000004F6D0070C1CC42407D58ECF810EF4B40
1497153094,blackzebra440,Perry,t,40,0101000020E61000003B28105473D94240E5A4F065F2E34B40
6097182805,whitezebra415,Duško,t,24,0101000020E61000001B7C5DD36FCC42401235C08417E74B40
2857685350,sadzebra161,Aleksa,t,80,0101000020E6100000B57DB369F6D24240105A19115CF94B40
6743327849,redgorilla336,Jens,t,53,0101000020E6100000AFD9A6F489C8424010BC2049ACD94B40
1175327524,whitepanda205,Julian,t,100,0101000020E6100000ECE1497DAFC64240C1E39613D1F34B40
7663221112,sadleopard887,Lylou,f,20,0101000020E6100000967684D84ACA42402A71A0C0B4F04B40
5935547685,tinydog418,Dominic,t,86,0101000020E6100000E61C2C978CC94240DDC6E9E85BE34B40
8216480566,brownswan826,Marie,f,83,0101000020E6100000AD4A92BAD2CF42405EE16CFA6EEB4B40
5308091117,heavyfish347,Emmi,f,64,0101000020E6100000B32116B0DAD5424012DAFEEBBCF84B40
6618115967,bluesnake241,Jaxon,t,85,0101000020E61000005BEC75CA02C54240C2A286ED37F64B40
6691107529,sadbear474,Afanasiya,f,99,0101000020E6100000A2B34B13D0C842401F720AA95BF34B40
4511131935,goldenfish507,Ayşe,f,19,0101000020E61000000EEAFDB90AD74240F0194997DDEC4B40
5278117735,greencat342,Rodney,t,79,0101000020E6100000C3D89C3AE5C9424070CDE88DF7F74B40
4554219460,bigfish588,Eliot,t,31,0101000020E6100000E58AEB271DCE42408E9F93B6A0E14B40
1932907778,blackbutterfly277,Mathew,t,63,0101000020E6100000E9DB28068FCD42409FF5A47131E94B40
8930022840,brownpanda372,Carlos,t,82,0101000020E6100000D324557C47C24240B758CE696BE14B40
4515015439,redgoose597,Dijana,f,43,0101000020E6100000603418A26ED142409E67C3100CE84B40
2861189320,ticklishelephant495,Emma,f,32,0101000020E610000099F8414E4DD94240F64CD0CB72E74B40
7752680503,brownrabbit868,Paulina,f,76,0101000020E6100000E234119EAECC42405D24548375EA4B40
4148890554,yellowfrog384,Kathleen,f,86,0101000020E61000000C68C7E902C3424013150FA5B7F34B40
6564276753,purplecat240,Sushma,f,65,0101000020E61000009DCCF3EACDC44240D8E01B0D68FE4B40
7710109967,heavyostrich109,Mila,f,15,0101000020E6100000004F9D888DCB4240FB5A2D3065F14B40
1669360283,purplebird901,Shannon,f,55,0101000020E61000003DC343C05BD7424014DF743DF2DF4B40
1830190085,blueladybug838,Bernardo,t,80,0101000020E6100000FD863F93C5C2424028DD6B11DDDF4B40
5777512180,smallpeacock956,Sedef,f,65,0101000020E610000040F65C53D2C04240883E4BA47BF14B40
8332318827,beautifuldog599,Eleanor,f,84,0101000020E61000000C203DD7F3D04240BD954EBF42F54B40
6004185793,greenleopard468,Pepe,t,86,0101000020E61000002B473222B2D142407CDD9E9862FD4B40
2554872748,sadostrich241,Frederik,t,75,0101000020E610000055BD7EEFC8D54240C813205F86F84B40
5086175609,whitemeercat994,Micheal,t,32,0101000020E610000079D97258F3CD424034C8FC85B9F84B40
6760410591,ticklishsnake136,Nathaniel,t,47,0101000020E61000007408331EDFCE4240FA4B74E58AF24B40
3204006708,smallzebra559,Stacy,f,92,0101000020E61000000CD92E4AFBCB424022696E9658F14B40
1409110017,smallgorilla962,Marlene,f,23,0101000020E6100000A7340D711AD842403169290A25F74B40
4729296278,angrymouse146,Emilie,f,65,0101000020E6100000520B6C60A0D44240E7113B759DE74B40
5153593406,goldenelephant463,Armando,t,81,0101000020E6100000CDD3A6FD5FD04240359530C0D5EB4B40
9248891743,brownbutterfly364,Paula,f,89,0101000020E61000002B1573C6D7D34240D04ABF9F99DF4B40
4098427029,beautifulzebra539,Leo,t,36,0101000020E61000001D9C5B1BEED14240BF7BEC55BAFB4B40
4172865830,purpletiger210,Isla,f,78,0101000020E6100000F06D507852D0424002214F547BF04B40
2040739814,tinyduck836,Pauline,f,90,0101000020E6100000DD6CB5808DD14240759C7B4B01E34B40
5496405226,blackcat276,Paige,f,28,0101000020E6100000449F051B57D342406EEF60CA3DED4B40
5953512340,redostrich316,سپهر,t,40,0101000020E6100000C831467116D14240A9D95CB698E24B40
6425435009,brownbear824,Baljiwan,t,67,0101000020E6100000A1B106E573D04240626B9B3106F54B40
7751921629,smalldog651,Mohamad,t,70,0101000020E6100000DFDF5BC01BD74240B51156C385F74B40
6377893809,ticklishdog322,Alicia,f,18,0101000020E61000004D32324488CE42408FFF4171F6E64B40
9266690152,beautifulwolf577,Francisca,f,63,0101000020E6100000A65C55A51ECA424025E9CE81E3ED4B40
7421501808,blacksnake344,Boronislav,t,92,0101000020E6100000BFB6CC0697CB4240558C8F0B70ED4B40
8130181489,heavyrabbit419,Hans-Ludwig,t,66,0101000020E610000055479E44BECE4240F218DCA7EDE84B40
9346990760,crazybird870,Maria,f,15,0101000020E6100000B3C16A6C97D542403846FBABE9EC4B40
4819471073,blackbutterfly333,Vilje,f,73,0101000020E6100000DA840B6F3BD6424072C9F48C9BFF4B40
3751014200,whitewolf328,Julian,t,70,0101000020E610000099B1AF5B66D1424099971ABAECF84B40
9551111053,smallpeacock791,Deniz,t,62,0101000020E610000084D6E70C34CC4240828B0FE695E44B40
1913673781,purplesnake102,Catherine,f,26,0101000020E6100000580388D41CC84240BA3B9A4477F74B40
1244541951,bluedog883,Srđan,t,98,0101000020E610000025F31EB5AAD442407177FFB185F84B40
2245713719,orangedog862,Zeynep,f,83,0101000020E6100000384A758EE2CD424066DFCF4751DA4B40
7922936021,happybutterfly848,Verena,f,57,0101000020E61000006CEACFED31D442404688DA2FEADE4B40
2574636155,smallsnake155,Kátia,f,46,0101000020E610000087F9969E4EC84240F9F8BA3CA2EC4B40
3932003363,bigladybug898,Anthony,t,56,0101000020E61000001542CA4CEDD24240FEC524F9E5FF4B40
2883588122,brownrabbit284,Sofus,t,52,0101000020E61000007CB44A28BFD54240F1A19D898EE14B40
6327598152,tinyswan467,Pien,f,17,0101000020E6100000E5E6992436C14240E7B66F2D4DF84B40
6364389413,saddog933,Kasper,t,24,0101000020E610000013202D46F4C04240B0E1B44CBCF14B40
6989582658,crazyduck765,Alex,t,89,0101000020E6100000BDE292DDE2CE4240FF0D262CAFE44B40
8995425717,greenzebra701,Eddie,t,92,0101000020E61000009A4169E910C74240742EE02082DA4B40
5358903837,tinyostrich792,Amelly,f,21,0101000020E61000003DA9F8418BD54240865A8E1F07FC4B40
9410015393,ticklishlion665,Sammy,t,19,0101000020E61000002DE1D1238EC5424056C7A04659FF4B40
6862598476,sadfrog162,Vanesa,f,20,0101000020E6100000366E2B97EED64240FBEDD00FA2FB4B40
7465729496,brownbear799,Dolores,f,93,0101000020E610000062479939B1CD4240DDCAB22DE4DB4B40
8492481661,blackfrog562,Ivete,f,60,0101000020E6100000DC355A03F0CE42406A85597B28EE4B40
8381569562,lazycat309,Trajano,t,28,0101000020E6100000394F095539C142405E1978376BEF4B40
8987455646,sadfish765,Mercedes,f,49,0101000020E6100000CF9D89025AC04240AE30E69088DF4B40
5026916727,yellowwolf695,علی,t,52,0101000020E61000006A55BCDDF9D542401FC088866CFC4B40
2667475900,silverbird608,Maja,f,97,0101000020E6100000761B6E969BD742401070507424FA4B40
5698476834,blackzebra619,Brent,t,40,0101000020E6100000D3AF7EAF99D542401687C1DA7CEC4B40
3891494303,angrytiger169,Tinius,t,82,0101000020E6100000F4181D153DC842407B3921E534DD4B40
5038500391,greenduck245,Andrea,f,62,0101000020E6100000A670F1ED0CD542409447A58DA1DE4B40
3189345505,purplelion823,Čedomir,t,71,0101000020E61000006D0A0BBBC6D14240408630E4D2E44B40
7685505595,ticklishmouse225,Lily,f,80,0101000020E61000004213A48C90CD4240C727E97FAEF34B40
9182802958,redduck973,Veera,f,52,0101000020E610000057DB4B126DC1424066A073C548F24B40
6425234034,beautifulostrich462,Aleksi,t,26,0101000020E6100000067E3AE5D8D1424009ED42130AE94B40
4655361624,brownelephant680,آرتين,t,57,0101000020E61000005DB25E1EDFCE424076D06372AAFC4B40
7548992554,bigduck676,Timmothy,t,93,0101000020E61000004AB0399120CD424010FA4A96E0E44B40
1001152900,beautifullion754,Matteo,t,46,0101000020E610000036F08D956AC74240CC07550198F14B40
5000892866,orangefish402,Elvira,f,34,0101000020E61000001DC1BBE032CB424052FDC34E69F34B40
7678612595,silverbird837,Jasmine,f,79,0101000020E6100000E7C49CA566CE4240C9122DFD7FFF4B40
6232323411,orangewolf630,Bojan,t,28,0101000020E61000003E936D8557D44240963414DE3EEF4B40
7670539728,greenduck261,Sinezora,f,46,0101000020E61000005B73E9FF02D64240073810A2C8EB4B40
3749676975,organicleopard631,Saloni,f,56,0101000020E610000086854DDED9D04240F3E7C97CF1E44B40
6322212957,smallgoose643,Harper,f,72,0101000020E61000007671ED9501D0424032149A3E2BEE4B40
3224495322,angryostrich238,Charly,t,16,0101000020E61000004368774D53C642408EDA9336E1FF4B40
8720199702,tinybear606,Jurriën,t,55,0101000020E61000005B1D1C218FD04240F936D447ACDF4B40
6114210880,whitesnake596,Ramla,f,65,0101000020E61000001FBA0CA878C042402FCC933ECAE64B40
1142489116,brownladybug166,Federica,f,90,0101000020E6100000E3E53234B2C24240D97311F85EE24B40
7726470519,beautifultiger469,Zhivosil,t,22,0101000020E6100000A3A7ADE8F5D842401459BEC036F64B40
9921254143,crazyladybug234,Alma,f,29,0101000020E61000007C253BC4AFD84240C00E31C2D7DE4B40
8003667139,whitelion306,Nathan,t,82,0101000020E61000006C539AFE12D842406696344612F54B40
3067278643,whitesnake496,Luz,f,67,0101000020E610000076E4DF2554D842402629747109EA4B40
1892655952,ticklishbird559,Mila,f,48,0101000020E610000035E2C43F91C44240BF49301B30F74B40
7140348124,crazyfrog672,Alícia,f,80,0101000020E61000005924170492CD4240D833BA6B21E54B40
8819976865,tinyzebra608,Addison,f,53,0101000020E61000004CC2F69568C54240D61AD3338AF44B40
2803645403,bluebird693,Américo,t,78,0101000020E610000099C69EC475D2424013402D799AEB4B40
9261339063,browngorilla155,Raghav,t,27,0101000020E610000010237D0EF8D142409433507181EB4B40
3565985660,lazylion894,Raphael,t,15,0101000020E61000003AE0C8AD42D142408D9E25DABDDE4B40
3392717871,brownostrich722,Nicoline,f,24,0101000020E6100000214BDE71EBC942403AC539CB95E44B40
8278550933,smallrabbit248,Charlie,f,43,0101000020E610000083E66EDF47D942405FA30C5053F84B40
5684399720,ticklishfish498,Augusta,f,26,0101000020E610000093EF9195EDD24240274AB0328EDC4B40
3961899293,purpledog881,Jenny,f,64,0101000020E610000024FBC04635D84240306B03D720EC4B40
7757391605,sadkoala948,Valentim,t,41,0101000020E6100000C07FA55C12D342407323E1EA0CF04B40
2160476206,redkoala721,رها,f,38,0101000020E610000020A92C146FC742403D6799815DEB4B40
3774610783,heavywolf532,Ioque,t,68,0101000020E6100000B3DC9B17D8C54240E2D1D797C8D94B40
4556594179,yellowlion814,Aurora,f,24,0101000020E6100000BDE35A2D36D44240F272F0C305F34B40
1771370604,ticklishgoose953,Arttu,t,57,0101000020E6100000C445605E2BD142400F08A2BFE0F74B40
4785677777,bluebutterfly813,Kelly,f,38,0101000020E6100000C3F1B11BFDD34240ADC66AF1A4E84B40
2143139896,yellowgorilla437,Josephine,f,46,0101000020E61000003FE3DBF4AFD742406BFF155754E64B40
4355760876,organicgorilla597,Marilyn,f,80,0101000020E6100000F0593E1965C342407E01737CFAE24B40
8583197721,beautifulrabbit623,Enrique,t,25,0101000020E6100000D452710254D64240DB3FA6D6A2E74B40
1941290472,greenlion133,Emma,f,94,0101000020E61000000808596EA9D54240BA13D5FCAADD4B40
1931748437,brownrabbit213,Maud,f,43,0101000020E6100000DBFBC4F2A8C44240641656EEBBF44B40
1845822674,tinytiger100,Cecilie,f,17,0101000020E6100000269D012497D842404EFC8DA266DE4B40
2694852029,redwolf476,Steffen,t,54,0101000020E61000009EAD85647DC94240E4D4DECDC8F84B40
9990331479,beautifulgorilla266,Jackson,t,25,0101000020E61000008EEF34A81AC84240C0144431EAF84B40
4652611472,brownfrog925,Scott,t,60,0101000020E6100000B6E62B4871CF42405ADA840EE7EE4B40
8849718499,angrybird976,Bobbie,f,91,0101000020E610000044B306789CCD4240E622EFEC6FE34B40
2018184010,heavykoala410,Victor,t,27,0101000020E61000002994829695C3424099DAEC2D0FE94B40
2213403204,beautifultiger815,Ceyhun,t,35,0101000020E6100000E33D79D933C94240BE0C0928F9E64B40
2090218618,ticklishelephant999,Stefan,t,24,0101000020E610000008D823CC5AC642404F7DA23BFFFD4B40
6360695255,silverelephant553,Luukas,t,93,0101000020E6100000FB12463CD4D74240D44397C861EE4B40
2205929446,purpleswan916,سارا,f,68,0101000020E61000004D749534F1C142405F2158F849DD4B40
8361175487,yellowgorilla863,Beatrice,f,26,0101000020E61000000D5F99121CD0424003C4D05AA8E74B40
1565790754,brownduck521,Catherine,f,44,0101000020E61000009366AA9C8FD9424085F24961ABDB4B40
1426718592,blueleopard388,Sivert,t,51,0101000020E6100000082777BE45D3424095BDCB0984F54B40
2690816779,ticklishleopard753,Donna,f,81,0101000020E6100000437BBD309FD242401C04793BF5E24B40
3251097316,lazypanda822,Jordan,t,86,0101000020E6100000C68B2443C4CE4240BE5F8C00C6FC4B40
7311119398,sadbear471,Ivo,t,96,0101000020E610000061E7FE157DD742400A119BC8B7F64B40
5166486015,tinymouse664,Roberto,t,100,0101000020E610000046D63139FBC44240321CCBE234EF4B40
5875733614,redfish762,Pamela,f,94,0101000020E6100000CFAA616FC9D3424036C9E30CDBDC4B40
1425114095,yellowpanda229,Theodore,t,87,0101000020E610000066B29EA8A3C4424041DE709FDDFE4B40
5569669450,silverkoala634,Lois,f,78,0101000020E6100000FEFE87DC66CD42404713933CBADD4B40
6282305798,heavymouse258,Tanish,t,92,0101000020E6100000707554982FC9424047916A5EF3FC4B40
7298568051,tinyfrog941,Vanessa,f,62,0101000020E6100000D44CAD5FE6C0424071401954E1F94B40
7477420334,ticklishwolf757,Jade,f,30,0101000020E61000002C0BBF945AC842400B5A8F36DCE84B40
2208428167,silverduck599,Vår,f,96,0101000020E6100000A2C2087A5FC7424088AE8599F6F14B40
6780546501,blacklion327,Megan,f,100,0101000020E6100000146449A045CF4240A6DD2C11F9F74B40
6978243231,greenbear284,Lorena,f,87,0101000020E61000002FC5D773E9D14240D5D816D81EF84B40
7537212724,bigfrog514,Gonçalo,t,21,0101000020E6100000118A7E5068C14240DBCEAEFEEDDD4B40
9823319700,angrygorilla302,Andreia,f,37,0101000020E61000002C410FAACCC142407BBC45BD8DF24B40
6100737979,lazyleopard414,نيما,t,48,0101000020E6100000CB458D82C7CE4240158C292BB8E24B40
7919662467,bigdog390,Kadir,t,32,0101000020E6100000248AA6E6D0CE424070FE41D2A6EA4B40
6422162579,ticklishpanda455,Allen,t,50,0101000020E6100000CEAB5A8E05C54240BF54D6DDD6FF4B40
5638808866,happyzebra917,Arlo,t,93,0101000020E6100000D4A90F33FBC142404E87B2C152E44B40
4416097241,crazyladybug465,Luciara,f,23,0101000020E610000056D1A97CBAC1424064A5B3BE94EE4B40
4160774379,goldenostrich770,Vojin,t,90,0101000020E6100000BFBD2E7C59C2424002171605D6D94B40
9229008240,smallgorilla656,Harper,f,19,0101000020E610000006CF96CF35C04240CDCC417578E04B40
3520743843,organicmeercat921,Zdravko,t,84,0101000020E610000022A7E733E4C64240C5A39696A5F34B40
5863662877,purplewolf818,Elya,f,26,0101000020E610000054CCF65873D24240F235AA187CF14B40
1880428979,beautifulpanda932,Héloïse,f,54,0101000020E61000002D9497A131D242404CB7410B83F74B40
1920938511,lazylion111,Miro,t,31,0101000020E610000052C629B567CC4240563113F125F14B40
8155460895,whiteladybug728,Dubravko,t,31,0101000020E6100000F6A7E6CDA5C1424012EB90FD66EF4B40
8184386755,silvercat255,Terentiy,t,20,0101000020E61000002C5B2D1AE7D64240DD07784865EC4B40
4281720484,greensnake478,Jaime,t,38,0101000020E61000006762F404EACF4240FE6C1940ACFB4B40
2324977606,smallleopard455,پریا,f,48,0101000020E6100000FBD1B3792BD342407EB7958FABFB4B40
3011468275,happywolf480,Michelle,f,28,0101000020E6100000B9F4771B08C54240CF2BABE645F34B40
5463053968,lazyleopard114,Aloïs,t,88,0101000020E610000000EFA483A7C54240054E8C1787FD4B40
8402041515,tinyladybug643,Rogerio,t,30,0101000020E6100000FD52778F60D642402D5BECDDA7E54B40
7341265213,heavygoose538,Tomothy,t,88,0101000020E6100000E5D59236B9D14240139ABF3167ED4B40
9623126293,crazybutterfly517,Mariëlla,f,99,0101000020E6100000BFAF19AD42C54240582720D888E74B40
6472177396,blackdog487,Lumi,f,87,0101000020E6100000CD5D61A355D14240B768F1DFD9F04B40
9134050345,brownmouse409,Alma,f,74,0101000020E6100000FDD6D5227CD24240D9A3B6E384EF4B40
1041295807,ticklishzebra384,Alban,t,23,0101000020E6100000D6303723BECD4240DB6B895475E64B40
5201761765,yellowpeacock594,Maria-Theresia,f,23,0101000020E6100000918989211ED44240EDEF0483A7FD4B40
4643972053,angrybird536,Virodar,t,41,0101000020E6100000CFC38658BED84240F154DB5A57E84B40
3962391243,lazywolf887,Layla,f,81,0101000020E61000006F7C358AF1C0424039D04BBC3CE44B40
9289462091,ticklishtiger545,Kalina,f,19,0101000020E61000004AF7657F06D04240210E070470DF4B40
3078429716,orangemeercat652,Latife,f,71,0101000020E61000006118084558CD4240FCA2B951BBF74B40
3290416244,smalltiger732,Caroline,f,69,0101000020E6100000418C3CBE4BCF4240040966A23AEF4B40
2467705539,angryfrog496,Angie,f,77,0101000020E61000005758952706D04240A4FA1647F2FB4B40
7190767296,heavybutterfly107,Dona,f,28,0101000020E6100000898EEF34B0CE4240C2E4C38346DB4B40
5261512448,bluefrog423,Defne,f,23,0101000020E6100000667BF4437AC042408A428CE6F1DC4B40
7089184639,tinyladybug379,Dijana,f,29,0101000020E6100000556744018CC64240F2FD13E64CF44B40
6335864367,brownwolf312,Slaviša,t,40,0101000020E6100000697EF238C2D44240023BA40131DD4B40
5245364590,yellowbird480,Topias,t,45,0101000020E61000008656C0C4C5C4424019DD2A0429F04B40
3438579042,redfrog484,Manuel,t,50,0101000020E61000000678D2AC80D04240EBBE2635F5ED4B40
7993326805,blackrabbit856,Mathis,t,47,0101000020E61000001A3F4084E5C3424034FD80AB8AF04B40
3389182767,whitezebra450,Vedant,t,86,0101000020E6100000D7A7E6C86EC042407C0AB89F16E34B40
5866961261,yellowgoose450,Edgar,t,89,0101000020E61000004B2227B159C142407283644648ED4B40
9622945031,tinywolf634,Perry,t,28,0101000020E6100000E5CDE44927D74240AB447D4D5EDD4B40
9411983061,yellowwolf878,Mercedes,f,20,0101000020E61000004AB38F7AEFCC42409BA8B4AE2CEF4B40
2899691393,heavyostrich766,Araceli,f,100,0101000020E6100000C2A7855D5CC142408403C20314F44B40
3203550308,lazysnake610,Léane,f,32,0101000020E6100000C8DC41013EC642404DB91BB405E64B40
3924921180,organicmeercat945,Hulda,f,58,0101000020E61000009211EB05CFD74240F9233E7AFBDA4B40
2677955437,yellowbird288,Luke,t,100,0101000020E6100000C2C1D4D391CE4240972D1C372DF54B40
2101210279,crazyfish909,Matilda,f,90,0101000020E6100000CE9B1B97A7CB4240F095E9355CEA4B40
6515755479,tinyostrich794,Bart,t,26,0101000020E610000024B807A023D74240CCF720AD73EA4B40
4310732003,goldensnake375,Karla,f,54,0101000020E6100000A5D9E6F08DCE4240DE617190CCEF4B40
4367500247,orangezebra305,Craig,t,90,0101000020E610000063E6538B15C342407C9BE3E888EC4B40
2442892538,yellowzebra424,سوگند,f,64,0101000020E610000038328DBD72D64240F3BC87D69DD94B40
1577072931,heavybutterfly974,Patricia,f,85,0101000020E6100000E6DC5EDFD4CC4240EB6A7055B6E74B40
2856196110,angrygoose802,علی,t,25,0101000020E61000004E3C1616F6D04240F7F986265EDD4B40
4481150717,silverbutterfly214,Annina,f,38,0101000020E610000021C87FF4D4D44240838331110BDD4B40
1406164816,heavywolf766,Abelardo,t,58,0101000020E6100000C7E70E59C7C442405BAC4FB0C2EE4B40
3762693890,lazysnake611,Sophia,f,53,0101000020E6100000C9CC3B2331C042408E06400364F04B40
2179433053,smallpanda761,Roope,t,72,0101000020E610000006C57AC51DD4424067FC2DF8D0F04B40
1024914377,bigduck631,Jadranko,t,81,0101000020E6100000CA7A71D149C342403589582476FD4B40
1163347546,heavybear102,Maude,f,69,0101000020E61000000A0B0820D8D7424096CDD55A25F34B40
1979897243,ticklishsnake716,Jean,t,33,0101000020E61000003EBF22742FC84240F0F8FABE52EF4B40
9566663191,brownzebra458,Tava,f,90,0101000020E6100000245888FD4DC042404AC849E0DDEF4B40
9513541181,yellowleopard810,Slava,t,50,0101000020E61000000ADF74B2EDD54240D806780E0FE64B40
7736682842,redtiger258,Dorian,t,75,0101000020E6100000900FFE6C1BCC4240BAEA03DF6BFC4B40
9893229316,tinysnake388,Roberto,t,15,0101000020E610000099E101052ED2424000FED0CA95F74B40
6268059078,heavykoala461,Joel,t,64,0101000020E6100000651FEBB8F4C9424057CC30D831F64B40
8419819919,brownduck232,Sofie,f,61,0101000020E61000001176D203FDCE4240B140F50415E44B40
9731828771,redbutterfly255,Antonio,t,62,0101000020E61000009E74DBDA5FD44240AA80300C5FF04B40
9333329600,happypanda257,كيان,t,59,0101000020E61000004F04F62647D342405A2D972641E24B40
8175043390,whitepeacock228,Derrick,t,51,0101000020E6100000D1CAD50326D4424000E3140E21E04B40
8288900381,tinyswan471,Douglas,t,15,0101000020E6100000801C496D83D74240260FED03F1F24B40
1690715558,blackgorilla432,Melodie,f,87,0101000020E61000007A791604F8D442401E38616BBCF34B40
8587704560,crazypanda566,Maude,f,30,0101000020E6100000842AD10165D64240D298CD8A98E44B40
2346399051,organicmouse148,Evie,f,99,0101000020E610000032E79B702ACA424027AAE31844F24B40
9543154171,organicwolf123,Ronja,f,60,0101000020E6100000603A948E95C542403CD7BF57B9F74B40
7727985825,brownbutterfly893,José Emilio,t,33,0101000020E6100000A2F093D4FFC4424042D98D0899FC4B40
8034889991,ticklishgorilla605,Daniel,t,45,0101000020E61000001FF6761750D84240FBC388A92EFE4B40
8040842967,whitebutterfly113,Rosie,f,71,0101000020E61000004B368E078ECE4240DDB9564663E54B40
1095866093,organicrabbit467,Naomi,f,15,0101000020E61000009116389142CC42403C849F5A68FE4B40
2365971673,beautifulswan174,Svitovida,f,34,0101000020E6100000FF98D10E16C44240DF58C19143E24B40
9997038850,tinydog222,Caroline,f,36,0101000020E6100000F06E6243A8C0424015C23DF9FDE74B40
8600668414,redkoala227,Miroslav,t,92,0101000020E61000000DABB59FDECD42401A69BA0106F74B40
2774028584,smallduck403,Parv,t,90,0101000020E6100000D1A4CB508ED74240F483CBBCBCF14B40
5689503524,yellowbear557,Taylor,f,91,0101000020E6100000E22CFA9F1AC2424004AA5F5175E14B40
7072165757,crazylion249,Rose,f,54,0101000020E610000008662FE59EC5424078571CBCD6E84B40
4157792600,heavydog663,José,t,29,0101000020E61000006A84E23A27D2424032CB547A5EE64B40
8420335559,redbear512,Željko,t,71,0101000020E6100000BB3F0BA648D542402981547EF0DD4B40
3700990954,ticklishleopard337,Andrea,f,80,0101000020E6100000C18AA40EF1C642401BF4F81EA8EB4B40
2656372717,sadrabbit163,Urban,t,42,0101000020E6100000C64BAB06ABCC4240794D77054CFD4B40
6756597306,brownswan683,Ali,t,63,0101000020E6100000D1634ED0A2D34240660D1FE5E7EF4B40
7488808596,blackostrich892,Apolloniya,f,47,0101000020E6100000989955F87FC74240AE0EFE6E0FF04B40
4040985418,organicwolf203,Bobby,t,63,0101000020E61000007306E13D2AC24240088B096E27E64B40
2560108687,redbear674,Marc,t,30,0101000020E610000070B9D3F600C142401C155163F7ED4B40
6374515360,blackcat667,Yolanda,f,77,0101000020E610000091FB479ECAC44240FEA1CF8CB8FF4B40
5481616906,goldenlion812,Davut,t,89,0101000020E6100000CE42EDB69EC54240AFCF79A8C0DE4B40
1967274849,heavyleopard751,Luukas,t,44,0101000020E6100000D23D30E68FCC42404FEDC4056DF04B40
7159857128,organicrabbit410,Milutin,t,30,0101000020E6100000070D3ED923CD42402E19D5F5C5F64B40
4830781938,tinygorilla489,Neea,f,53,0101000020E610000017D6392776CB424053BD2534E8E74B40
3984944917,greentiger731,Zoe,f,100,0101000020E6100000735DD81F98CD4240CF42604FDBE54B40
7934305031,bigleopard367,Graciano,t,41,0101000020E610000069B43FA376CE4240905D95452AF64B40
8696478984,orangefish444,Job,t,89,0101000020E6100000B5ED351F40CD4240235753515FDE4B40
2900527769,smallwolf921,Charlie,t,55,0101000020E61000001444E6F50DD442404B61EC1366EA4B40
8219489120,happymeercat183,Hala,f,44,0101000020E6100000AF8A6400AFC34240057D426974F04B40
4171012193,crazysnake914,Jozina,f,54,0101000020E6100000DDED36D511C24240661BF9D4A2FF4B40
8472022282,purplepanda248,Rosalyn,f,100,0101000020E6100000DAB08DCD73C94240E591F79312E94B40
9677806447,bigelephant433,Diogo,t,24,0101000020E61000007EB933E06AD142403A21DD0235E34B40
4354625737,smallbutterfly793,Josefo,t,47,0101000020E61000005141126E04CA424076DA764BB7E24B40
4831199292,silverfish479,Maxence,t,43,0101000020E6100000F252225FD0D14240CF30B6A355FF4B40
7407012232,beautifulwolf922,Vasilina,f,37,0101000020E6100000692D00D08CC54240F6BF1A1E49EC4B40
2247989869,tinybutterfly627,Anouk,f,83,0101000020E61000008C91AF9731CE4240DA1C5ACBBDE64B40
3989840818,happylion991,Andrés,t,100,0101000020E6100000497D64889BD64240648BF365D9E14B40
7571916509,goldenladybug480,Siri,f,28,0101000020E6100000B544197D7BD44240ABE5177C80E54B40
7550854085,bluezebra950,Brajan,t,56,0101000020E61000005AE260B201D54240A18E08DFABF24B40
1843658119,bluesnake838,Jeanette,f,91,0101000020E61000004E5E1EA535D0424079D5D51F14F54B40
6130981789,bluecat214,Alba,f,61,0101000020E61000000EF02B0876D64240C1AA3F54BFEA4B40
6218720706,yellowmeercat388,Valentín,t,28,0101000020E610000078106352CBC44240562D8021C0E34B40
7548615249,orangeduck445,Bianca,f,48,0101000020E6100000459FFD6752D842408E398385DFE04B40
7643634165,redlion551,Nimit,t,74,0101000020E6100000B49EE0AE35D442402819B0C872F74B40
3361483993,brownfrog857,Pascual,t,57,0101000020E6100000FD2E93752DC24240F33895BB6DFD4B40
4794747198,organiccat287,Jayden,t,94,0101000020E61000008714CE599FD842407F54EC6674E24B40
2859213084,bluemouse388,پریا,f,96,0101000020E610000001A6AB4CD0CD424014F50C8D91E04B40
9702328068,yellowdog142,Noelia,f,70,0101000020E61000006051EDD9BEC54240129DF87551DD4B40
5195224308,bigfrog164,Ethan,t,94,0101000020E6100000F7F9159AF7C24240283280F383F24B40
5696314914,sadswan785,Cristina,f,25,0101000020E61000003D7E52230BD7424005AE77BF0EFA4B40
9410127635,blackmouse363,Daniel,t,86,0101000020E61000007A15D70ADCC14240D7289F062BEE4B40
4154034685,crazyswan861,Leonora,f,85,0101000020E6100000F41258C279C74240769313ECA0E84B40
6990622671,purplerabbit353,Miodrag,t,96,0101000020E610000007D9D20CC7CF4240C93D00D047DE4B40
8555190308,bigbutterfly590,Flynn,t,81,0101000020E6100000D1297DD089C1424040856CA1D3F74B40
8323575565,tinyelephant318,Fatma,f,99,0101000020E6100000FE33D430B3D042402553E91CCCE74B40
2745214926,ticklishzebra222,Imane,t,86,0101000020E6100000EDA87C0ACFD34240C20FDB6123F94B40
8970159661,yellowpanda736,Stefanija,f,80,0101000020E6100000E2A7DBCF7DC74240F9531A294DE14B40
9656816665,happyzebra126,Eric,t,93,0101000020E6100000AD21D51423CF4240936C7E170BEC4B40
8331056257,organicelephant476,آنیتا,f,38,0101000020E61000000CBEC6CCDEC24240A06A0D4E71F34B40
3700760756,silversnake452,Lino,t,14,0101000020E610000057962E1C71D142401F0799B8DCEB4B40
1828527530,greenbird711,Max,t,90,0101000020E6100000BC77B8DE80C3424079D1783EC0E54B40
1895428181,angryfish337,David,t,15,0101000020E6100000E05E43EF01C142402B7CF78F45FE4B40
7602148302,ticklishkoala530,Delphine,f,91,0101000020E6100000B6EC3C04F6CF4240737784A0C8E94B40
9379169708,ticklishpeacock239,Kamilla,f,86,0101000020E61000006552F5E63BD842407872CF7309FE4B40
2514907004,goldenmeercat120,Etienne,t,35,0101000020E61000000A8D13A240C442401AE75E1B88F44B40
7513250911,ticklishfish695,Virginia,f,43,0101000020E61000000FC09E09CCD54240D5F6AD1775FC4B40
9210034055,whitekoala207,Krin,f,67,0101000020E61000005C1B7CA764D042401E99631AF7DA4B40
7081764069,brownbutterfly689,Roberto,t,89,0101000020E61000000569746FDFC942404F6EB8EF79FC4B40
4713566775,sadtiger208,Varlene,f,41,0101000020E6100000312359C34DCE4240233CD65137FA4B40
4513334618,crazygorilla106,Kuzey,t,65,0101000020E610000048BAD0E4C8CF42409A0B4E6ABBE04B40
8329621411,lazykoala855,Orlando,t,30,0101000020E6100000968185B241D642403682E68E8DF74B40
3924014737,bluebear649,سارا,f,22,0101000020E6100000A8AE90D629D14240705D8ACDB5F84B40
7272082869,heavydog707,Angela,f,64,0101000020E6100000CD527CCADED342402A0BD7558DE14B40
1432050401,greenswan818,Marcos,t,78,0101000020E61000001AC7644540CA4240B0273F76B0E24B40
8545225471,ticklishswan704,Edgar,t,53,0101000020E610000098ABD51DAED54240896492D2E7E34B40
3388598633,redgorilla809,Pihla,f,15,0101000020E6100000A2A8991105C942409AE6212F77DA4B40
1825070840,bluemeercat397,Kelly,t,39,0101000020E6100000CA9BCE6837C942402E62BF8321E94B40
8247953527,purplebutterfly955,Jaxon,t,77,0101000020E6100000735EEDB005C242406DD8EB8075F34B40
3245383218,whitefish404,Georgije,t,79,0101000020E6100000216DA35B14CC42401596E0E340E74B40
8614952320,orangegoose848,Gülay,f,19,0101000020E610000043C83D61DAC242403C24568926DE4B40
8547234210,whiteleopard859,Jesse,t,91,0101000020E61000000D10A926C9C14240CC3CB9BCB1E64B40
6987983606,bluebear292,Elias,t,93,0101000020E610000017D7ACFF1BCF4240417B66F65BE44B40
7364021277,happypanda735,Sethu,f,21,0101000020E6100000A2D8440863D84240B6DF394E4FDB4B40
7142855629,bluetiger169,Kirilo,t,95,0101000020E6100000E142D921B3D14240EB6D293C0CFC4B40
3962404430,lazysnake961,Alberto,t,46,0101000020E6100000281C4762C0D842404BDAE3D5D3E74B40
6973894472,crazybutterfly458,Oskari,t,88,0101000020E6100000FC6E96B6B6CD42400C5DCD73ECFC4B40
4257632707,tinyelephant169,Romuald,t,35,0101000020E61000007A690FA324C44240C01382F2AFDD4B40
4333603369,purplewolf650,Nathan,t,73,0101000020E6100000AB262AE365D14240356C2250B2F94B40
3737546135,orangelion787,Constance,f,89,0101000020E6100000244A66547DC142404F0228A9DCED4B40
9883719404,ticklishcat666,Aida,f,49,0101000020E6100000DE9C5E0914D34240BEC0F5F0E5FD4B40
4739840408,blacklion531,August,t,51,0101000020E6100000ECA99BFF11D1424003A18B86D0F74B40
2560342950,smallmeercat327,Elijah,t,87,0101000020E6100000BE6879FAE2C44240747D9CA509DF4B40
3011346768,redswan318,Alfonso,t,91,0101000020E6100000D9389973E2D14240D63C8F5F22DF4B40
3690240720,greenswan165,Joel,t,23,0101000020E6100000B04752F1EEC9424073A98915C0DB4B40
3465353885,crazybutterfly297,Dianne,f,19,0101000020E61000005EB095B15BCB42400F5D91A186EB4B40
5271171186,purpleswan872,Timothe,t,14,0101000020E6100000CAE3D4920FD342408BD433A304E24B40
5360516253,heavybear627,Anika,f,39,0101000020E6100000ABDF52A64EC842403D3814A696E84B40
7703019876,brownpeacock945,Julie,f,86,0101000020E61000000D7B89A504C54240A43C42189DFC4B40
7582906195,redgorilla139,Eloane,f,93,0101000020E6100000550CE3C8ACC74240939C777D56DA4B40
1623203866,redswan666,Albertino,t,59,0101000020E6100000D2CFF46430D64240700F10CA44E64B40
8477952480,redwolf688,Oona,f,29,0101000020E6100000BBB00FEE6CC842406E39068DF5EE4B40
701459202,aspasswrd,Иван,t,19,0101000020E6100000E4A3B64FB4CF424082126A37E7DA4B40
